"Feature","Missing_Rate","Domain"
"RID",0,"Demographics"
"PTSOURCE",0,"Demographics"
"PTGENDER",0,"Demographics"
"PTDOB",0,"Demographics"
"PTDOBYY",0,"Demographics"
"PTHAND",0,"Demographics"
"PTMARRY",0,"Demographics"
"PTEDUCAT",0,"Demographics"
"PTWORKHS",1,"Demographics"
"PTNOTRT",0,"Demographics"
"PTRTYR",0.214788732394366,"Demographics"
"PTHOME",0,"Demographics"
"PTTLANG",0,"Demographics"
"PTPLANG",0,"Demographics"
"PTCOGBEG",0.00821596244131455,"Demographics"
"PTADDX",0.00352112676056338,"Demographics"
"PTETHCAT",0,"Demographics"
"PTRACCAT",0,"Demographics"
"ID",0,"Demographics"
"SITEID",0,"Demographics"
"TOTSCORE",0.0786384976525822,"Psychometric Battery"
"TOTAL13",0.0821596244131455,"Psychometric Battery"
"SITEID.adas",0.0727699530516432,"Other Metadata"
"MMDATE",0,"Psychometric Battery"
"MMYEAR",0,"Psychometric Battery"
"MMMONTH",0,"Psychometric Battery"
"MMDAY",0,"Psychometric Battery"
"MMSEASON",0,"Psychometric Battery"
"MMHOSPIT",0,"Psychometric Battery"
"MMFLOOR",0,"Psychometric Battery"
"MMCITY",0,"Psychometric Battery"
"MMAREA",0,"Psychometric Battery"
"MMSTATE",0,"Psychometric Battery"
"WORDLIST",0,"Psychometric Battery"
"WORD1",0,"Psychometric Battery"
"WORD2",0,"Psychometric Battery"
"WORD3",0,"Psychometric Battery"
"MMTRIALS",0,"Psychometric Battery"
"MMD",0,"Psychometric Battery"
"MML",0,"Psychometric Battery"
"MMR",0,"Psychometric Battery"
"MMO",0,"Psychometric Battery"
"MMW",0,"Psychometric Battery"
"WORD1DL",0,"Psychometric Battery"
"WORD2DL",0,"Psychometric Battery"
"WORD3DL",0,"Psychometric Battery"
"MMWATCH",0,"Psychometric Battery"
"MMPENCIL",0,"Psychometric Battery"
"MMREPEAT",0,"Psychometric Battery"
"MMHAND",0,"Psychometric Battery"
"MMFOLD",0,"Psychometric Battery"
"MMONFLR",0,"Psychometric Battery"
"MMREAD",0,"Psychometric Battery"
"MMWRITE",0,"Psychometric Battery"
"MMDRAW",0,"Psychometric Battery"
"MMSCORE",0,"Psychometric Battery"
"SITEID.mmse",0,"Other Metadata"
"CLOCKCIRC",0.991784037558685,"Psychometric Battery"
"CLOCKSYM",0.991784037558685,"Psychometric Battery"
"CLOCKNUM",0.991784037558685,"Psychometric Battery"
"CLOCKHAND",0.991784037558685,"Psychometric Battery"
"CLOCKTIME",0.991784037558685,"Psychometric Battery"
"CLOCKSCOR",0.991784037558685,"Psychometric Battery"
"COPYCIRC",0.991784037558685,"Psychometric Battery"
"COPYSYM",0.991784037558685,"Psychometric Battery"
"COPYNUM",0.991784037558685,"Psychometric Battery"
"COPYHAND",0.991784037558685,"Psychometric Battery"
"COPYTIME",0.991784037558685,"Psychometric Battery"
"COPYSCOR",0.991784037558685,"Psychometric Battery"
"LMSTORY",0.00821596244131455,"Psychometric Battery"
"LIMMTOTAL",0.00821596244131455,"Psychometric Battery"
"LIMMEND",0.00821596244131455,"Psychometric Battery"
"AVTOT1",0.991784037558685,"Psychometric Battery"
"AVERR1",0.991784037558685,"Psychometric Battery"
"AVTOT2",0.991784037558685,"Psychometric Battery"
"AVERR2",0.991784037558685,"Psychometric Battery"
"AVTOT3",0.991784037558685,"Psychometric Battery"
"AVERR3",0.991784037558685,"Psychometric Battery"
"AVTOT4",0.991784037558685,"Psychometric Battery"
"AVERR4",0.991784037558685,"Psychometric Battery"
"AVTOT5",0.991784037558685,"Psychometric Battery"
"AVERR5",0.991784037558685,"Psychometric Battery"
"AVTOT6",0.991784037558685,"Psychometric Battery"
"AVERR6",0.991784037558685,"Psychometric Battery"
"AVTOTB",0.991784037558685,"Psychometric Battery"
"AVERRB",0.991784037558685,"Psychometric Battery"
"CATANIMSC",0.991784037558685,"Psychometric Battery"
"CATANPERS",0.991784037558685,"Psychometric Battery"
"CATANINTR",0.991784037558685,"Psychometric Battery"
"TRAASCOR",0.991784037558685,"Psychometric Battery"
"TRAAERRCOM",0.991784037558685,"Psychometric Battery"
"TRAAERROM",0.991784037558685,"Psychometric Battery"
"TRABSCOR",0.995305164319249,"Psychometric Battery"
"TRABERRCOM",0.995305164319249,"Psychometric Battery"
"TRABERROM",0.995305164319249,"Psychometric Battery"
"LDELBEGIN",0.00821596244131455,"Psychometric Battery"
"LDELTOTAL",0.00821596244131455,"Psychometric Battery"
"LDELCUE",0.00821596244131455,"Psychometric Battery"
"BNTSPONT",0.991784037558685,"Psychometric Battery"
"BNTSTIM",0.991784037558685,"Psychometric Battery"
"BNTCSTIM",0.991784037558685,"Psychometric Battery"
"BNTPHON",0.991784037558685,"Psychometric Battery"
"BNTCPHON",0.991784037558685,"Psychometric Battery"
"BNTTOTAL",0.991784037558685,"Psychometric Battery"
"AVDELBEGAN",0.991784037558685,"Psychometric Battery"
"AVDEL30MIN",0.991784037558685,"Psychometric Battery"
"AVDELERR1",0.991784037558685,"Psychometric Battery"
"AVDELTOT",0.991784037558685,"Psychometric Battery"
"AVDELERR2",0.991784037558685,"Psychometric Battery"
"ANARTERR",0.991784037558685,"Psychometric Battery"
"SITEID.neuro",0,"Other Metadata"
"CDSOURCE",0.00234741784037559,"Functional Assessments"
"CDVERSION",0.00234741784037559,"Functional Assessments"
"CDMEMORY",0.00234741784037559,"Functional Assessments"
"CDORIENT",0.00234741784037559,"Functional Assessments"
"CDJUDGE",0.00234741784037559,"Functional Assessments"
"CDCOMMUN",0.00234741784037559,"Functional Assessments"
"CDHOME",0.00234741784037559,"Functional Assessments"
"CDCARE",0.00234741784037559,"Functional Assessments"
"CDGLOBAL",0.00234741784037559,"Functional Assessments"
"CDRSB",0.00234741784037559,"Functional Assessments"
"SITEID.cdr",0.00234741784037559,"Other Metadata"
"SOURCE.faq",0.0751173708920188,"Other Metadata"
"FAQFINAN",0.0751173708920188,"Functional Assessments"
"FAQFORM",0.0762910798122066,"Functional Assessments"
"FAQSHOP",0.0751173708920188,"Functional Assessments"
"FAQGAME",0.0751173708920188,"Functional Assessments"
"FAQBEVG",0.0751173708920188,"Functional Assessments"
"FAQMEAL",0.0751173708920188,"Functional Assessments"
"FAQEVENT",0.0751173708920188,"Functional Assessments"
"FAQTV",0.0751173708920188,"Functional Assessments"
"FAQREM",0.0751173708920188,"Functional Assessments"
"FAQTRAVL",0.0751173708920188,"Functional Assessments"
"FAQTOTAL",0.0762910798122066,"Functional Assessments"
"SITEID.faq",0.0751173708920188,"Other Metadata"
"IMAGEUID",0.00821596244131455,"Neuroimaging"
"FIELD_STRENGTH",0.00821596244131455,"Neuroimaging"
"STATUS",0.00821596244131455,"Neuroimaging"
"FSVER",0.00821596244131455,"Neuroimaging"
"ST101SV",0.00821596244131455,"Neuroimaging"
"ST102CV",0.00821596244131455,"Neuroimaging"
"ST102SA",0.00821596244131455,"Neuroimaging"
"ST102TA",0.00821596244131455,"Neuroimaging"
"ST102TS",0.00821596244131455,"Neuroimaging"
"ST103CV",0.00821596244131455,"Neuroimaging"
"ST103SA",0.00821596244131455,"Neuroimaging"
"ST103TA",0.00821596244131455,"Neuroimaging"
"ST103TS",0.00821596244131455,"Neuroimaging"
"ST104CV",0.00821596244131455,"Neuroimaging"
"ST104SA",0.00821596244131455,"Neuroimaging"
"ST104TA",0.00821596244131455,"Neuroimaging"
"ST104TS",0.00821596244131455,"Neuroimaging"
"ST105CV",0.00821596244131455,"Neuroimaging"
"ST105SA",0.00821596244131455,"Neuroimaging"
"ST105TA",0.00821596244131455,"Neuroimaging"
"ST105TS",0.00821596244131455,"Neuroimaging"
"ST106CV",0.00821596244131455,"Neuroimaging"
"ST106SA",0.00821596244131455,"Neuroimaging"
"ST106TA",0.00821596244131455,"Neuroimaging"
"ST106TS",0.00821596244131455,"Neuroimaging"
"ST107CV",0.00821596244131455,"Neuroimaging"
"ST107SA",0.00821596244131455,"Neuroimaging"
"ST107TA",0.00821596244131455,"Neuroimaging"
"ST107TS",0.00821596244131455,"Neuroimaging"
"ST108CV",0.00821596244131455,"Neuroimaging"
"ST108SA",0.00821596244131455,"Neuroimaging"
"ST108TA",0.00821596244131455,"Neuroimaging"
"ST108TS",0.00821596244131455,"Neuroimaging"
"ST109CV",0.00821596244131455,"Neuroimaging"
"ST109SA",0.00821596244131455,"Neuroimaging"
"ST109TA",0.00821596244131455,"Neuroimaging"
"ST109TS",0.00821596244131455,"Neuroimaging"
"ST10CV",0.00821596244131455,"Neuroimaging"
"ST110CV",0.00821596244131455,"Neuroimaging"
"ST110SA",0.00821596244131455,"Neuroimaging"
"ST110TA",0.00821596244131455,"Neuroimaging"
"ST110TS",0.00821596244131455,"Neuroimaging"
"ST111CV",0.00821596244131455,"Neuroimaging"
"ST111SA",0.00821596244131455,"Neuroimaging"
"ST111TA",0.00821596244131455,"Neuroimaging"
"ST111TS",0.00821596244131455,"Neuroimaging"
"ST112SV",0.00821596244131455,"Neuroimaging"
"ST113CV",0.00821596244131455,"Neuroimaging"
"ST113SA",0.00821596244131455,"Neuroimaging"
"ST113TA",0.00821596244131455,"Neuroimaging"
"ST113TS",0.00821596244131455,"Neuroimaging"
"ST114CV",0.00821596244131455,"Neuroimaging"
"ST114SA",0.00821596244131455,"Neuroimaging"
"ST114TA",0.00821596244131455,"Neuroimaging"
"ST114TS",0.00821596244131455,"Neuroimaging"
"ST115CV",0.00821596244131455,"Neuroimaging"
"ST115SA",0.00821596244131455,"Neuroimaging"
"ST115TA",0.00821596244131455,"Neuroimaging"
"ST115TS",0.00821596244131455,"Neuroimaging"
"ST116CV",0.00821596244131455,"Neuroimaging"
"ST116SA",0.00821596244131455,"Neuroimaging"
"ST116TA",0.00821596244131455,"Neuroimaging"
"ST116TS",0.00821596244131455,"Neuroimaging"
"ST117CV",0.00821596244131455,"Neuroimaging"
"ST117SA",0.00821596244131455,"Neuroimaging"
"ST117TA",0.00821596244131455,"Neuroimaging"
"ST117TS",0.00821596244131455,"Neuroimaging"
"ST118CV",0.00821596244131455,"Neuroimaging"
"ST118SA",0.00821596244131455,"Neuroimaging"
"ST118TA",0.00821596244131455,"Neuroimaging"
"ST118TS",0.00821596244131455,"Neuroimaging"
"ST119CV",0.00821596244131455,"Neuroimaging"
"ST119SA",0.00821596244131455,"Neuroimaging"
"ST119TA",0.00821596244131455,"Neuroimaging"
"ST119TS",0.00821596244131455,"Neuroimaging"
"ST11SV",0.00821596244131455,"Neuroimaging"
"ST120SV",0.00821596244131455,"Neuroimaging"
"ST121CV",0.00821596244131455,"Neuroimaging"
"ST121SA",0.00821596244131455,"Neuroimaging"
"ST121TA",0.00821596244131455,"Neuroimaging"
"ST121TS",0.00821596244131455,"Neuroimaging"
"ST124SV",0.00821596244131455,"Neuroimaging"
"ST125SV",0.0492957746478873,"Neuroimaging"
"ST127SV",0.00821596244131455,"Neuroimaging"
"ST128SV",0.00821596244131455,"Neuroimaging"
"ST129CV",0.00821596244131455,"Neuroimaging"
"ST129SA",0.00821596244131455,"Neuroimaging"
"ST129TA",0.00821596244131455,"Neuroimaging"
"ST129TS",0.00821596244131455,"Neuroimaging"
"ST12SV",0.00821596244131455,"Neuroimaging"
"ST130CV",0.00821596244131455,"Neuroimaging"
"ST130SA",0.00821596244131455,"Neuroimaging"
"ST130TA",0.00821596244131455,"Neuroimaging"
"ST130TS",0.00821596244131455,"Neuroimaging"
"ST13CV",0.00821596244131455,"Neuroimaging"
"ST13SA",0.00821596244131455,"Neuroimaging"
"ST13TA",0.00821596244131455,"Neuroimaging"
"ST13TS",0.00821596244131455,"Neuroimaging"
"ST14CV",0.00821596244131455,"Neuroimaging"
"ST14SA",0.00821596244131455,"Neuroimaging"
"ST14TA",0.00821596244131455,"Neuroimaging"
"ST14TS",0.00821596244131455,"Neuroimaging"
"ST15CV",0.00821596244131455,"Neuroimaging"
"ST15SA",0.00821596244131455,"Neuroimaging"
"ST15TA",0.00821596244131455,"Neuroimaging"
"ST15TS",0.00821596244131455,"Neuroimaging"
"ST16SV",0.00821596244131455,"Neuroimaging"
"ST17SV",0.00821596244131455,"Neuroimaging"
"ST18SV",0.00821596244131455,"Neuroimaging"
"ST1SV",0.00821596244131455,"Neuroimaging"
"ST21SV",0.00821596244131455,"Neuroimaging"
"ST23CV",0.00821596244131455,"Neuroimaging"
"ST23SA",0.00821596244131455,"Neuroimaging"
"ST23TA",0.00821596244131455,"Neuroimaging"
"ST23TS",0.00821596244131455,"Neuroimaging"
"ST24CV",0.00938967136150235,"Neuroimaging"
"ST24SA",0.00938967136150235,"Neuroimaging"
"ST24TA",0.00938967136150235,"Neuroimaging"
"ST24TS",0.00938967136150235,"Neuroimaging"
"ST25CV",0.00821596244131455,"Neuroimaging"
"ST25SA",0.00821596244131455,"Neuroimaging"
"ST25TA",0.00821596244131455,"Neuroimaging"
"ST25TS",0.00821596244131455,"Neuroimaging"
"ST26CV",0.00821596244131455,"Neuroimaging"
"ST26SA",0.00821596244131455,"Neuroimaging"
"ST26TA",0.00821596244131455,"Neuroimaging"
"ST26TS",0.00821596244131455,"Neuroimaging"
"ST28SA",0.00821596244131455,"Neuroimaging"
"ST29SV",0.00821596244131455,"Neuroimaging"
"ST2SV",0.00821596244131455,"Neuroimaging"
"ST30SV",0.00821596244131455,"Neuroimaging"
"ST31CV",0.00821596244131455,"Neuroimaging"
"ST31SA",0.00821596244131455,"Neuroimaging"
"ST31TA",0.00821596244131455,"Neuroimaging"
"ST31TS",0.00821596244131455,"Neuroimaging"
"ST32CV",0.00821596244131455,"Neuroimaging"
"ST32SA",0.00821596244131455,"Neuroimaging"
"ST32TA",0.00821596244131455,"Neuroimaging"
"ST32TS",0.00821596244131455,"Neuroimaging"
"ST34CV",0.00821596244131455,"Neuroimaging"
"ST34SA",0.00821596244131455,"Neuroimaging"
"ST34TA",0.00821596244131455,"Neuroimaging"
"ST34TS",0.00821596244131455,"Neuroimaging"
"ST35CV",0.00821596244131455,"Neuroimaging"
"ST35SA",0.00821596244131455,"Neuroimaging"
"ST35TA",0.00821596244131455,"Neuroimaging"
"ST35TS",0.00821596244131455,"Neuroimaging"
"ST36CV",0.00821596244131455,"Neuroimaging"
"ST36SA",0.00821596244131455,"Neuroimaging"
"ST36TA",0.00821596244131455,"Neuroimaging"
"ST36TS",0.00821596244131455,"Neuroimaging"
"ST37SV",0.00821596244131455,"Neuroimaging"
"ST38CV",0.00821596244131455,"Neuroimaging"
"ST38SA",0.00821596244131455,"Neuroimaging"
"ST38TA",0.00821596244131455,"Neuroimaging"
"ST38TS",0.00821596244131455,"Neuroimaging"
"ST39CV",0.00821596244131455,"Neuroimaging"
"ST39SA",0.00821596244131455,"Neuroimaging"
"ST39TA",0.00821596244131455,"Neuroimaging"
"ST39TS",0.00821596244131455,"Neuroimaging"
"ST3SV",0.00821596244131455,"Neuroimaging"
"ST40CV",0.00821596244131455,"Neuroimaging"
"ST40SA",0.00821596244131455,"Neuroimaging"
"ST40TA",0.00821596244131455,"Neuroimaging"
"ST40TS",0.00821596244131455,"Neuroimaging"
"ST42SV",0.00821596244131455,"Neuroimaging"
"ST43CV",0.00821596244131455,"Neuroimaging"
"ST43SA",0.00821596244131455,"Neuroimaging"
"ST43TA",0.00821596244131455,"Neuroimaging"
"ST43TS",0.00821596244131455,"Neuroimaging"
"ST44CV",0.00821596244131455,"Neuroimaging"
"ST44SA",0.00821596244131455,"Neuroimaging"
"ST44TA",0.00821596244131455,"Neuroimaging"
"ST44TS",0.00821596244131455,"Neuroimaging"
"ST45CV",0.00821596244131455,"Neuroimaging"
"ST45SA",0.00821596244131455,"Neuroimaging"
"ST45TA",0.00821596244131455,"Neuroimaging"
"ST45TS",0.00821596244131455,"Neuroimaging"
"ST46CV",0.00821596244131455,"Neuroimaging"
"ST46SA",0.00821596244131455,"Neuroimaging"
"ST46TA",0.00821596244131455,"Neuroimaging"
"ST46TS",0.00821596244131455,"Neuroimaging"
"ST47CV",0.00821596244131455,"Neuroimaging"
"ST47SA",0.00821596244131455,"Neuroimaging"
"ST47TA",0.00821596244131455,"Neuroimaging"
"ST47TS",0.00821596244131455,"Neuroimaging"
"ST48CV",0.00821596244131455,"Neuroimaging"
"ST48SA",0.00821596244131455,"Neuroimaging"
"ST48TA",0.00821596244131455,"Neuroimaging"
"ST48TS",0.00821596244131455,"Neuroimaging"
"ST49CV",0.00821596244131455,"Neuroimaging"
"ST49SA",0.00821596244131455,"Neuroimaging"
"ST49TA",0.00821596244131455,"Neuroimaging"
"ST49TS",0.00821596244131455,"Neuroimaging"
"ST4SV",0.00821596244131455,"Neuroimaging"
"ST50CV",0.00821596244131455,"Neuroimaging"
"ST50SA",0.00821596244131455,"Neuroimaging"
"ST50TA",0.00821596244131455,"Neuroimaging"
"ST50TS",0.00821596244131455,"Neuroimaging"
"ST51CV",0.00821596244131455,"Neuroimaging"
"ST51SA",0.00821596244131455,"Neuroimaging"
"ST51TA",0.00821596244131455,"Neuroimaging"
"ST51TS",0.00821596244131455,"Neuroimaging"
"ST52CV",0.00821596244131455,"Neuroimaging"
"ST52SA",0.00821596244131455,"Neuroimaging"
"ST52TA",0.00821596244131455,"Neuroimaging"
"ST52TS",0.00821596244131455,"Neuroimaging"
"ST53SV",0.00821596244131455,"Neuroimaging"
"ST54CV",0.00821596244131455,"Neuroimaging"
"ST54SA",0.00821596244131455,"Neuroimaging"
"ST54TA",0.00821596244131455,"Neuroimaging"
"ST54TS",0.00821596244131455,"Neuroimaging"
"ST55CV",0.00821596244131455,"Neuroimaging"
"ST55SA",0.00821596244131455,"Neuroimaging"
"ST55TA",0.00821596244131455,"Neuroimaging"
"ST55TS",0.00821596244131455,"Neuroimaging"
"ST56CV",0.00821596244131455,"Neuroimaging"
"ST56SA",0.00821596244131455,"Neuroimaging"
"ST56TA",0.00821596244131455,"Neuroimaging"
"ST56TS",0.00821596244131455,"Neuroimaging"
"ST57CV",0.00821596244131455,"Neuroimaging"
"ST57SA",0.00821596244131455,"Neuroimaging"
"ST57TA",0.00821596244131455,"Neuroimaging"
"ST57TS",0.00821596244131455,"Neuroimaging"
"ST58CV",0.00821596244131455,"Neuroimaging"
"ST58SA",0.00821596244131455,"Neuroimaging"
"ST58TA",0.00821596244131455,"Neuroimaging"
"ST58TS",0.00821596244131455,"Neuroimaging"
"ST59CV",0.00821596244131455,"Neuroimaging"
"ST59SA",0.00821596244131455,"Neuroimaging"
"ST59TA",0.00821596244131455,"Neuroimaging"
"ST59TS",0.00821596244131455,"Neuroimaging"
"ST5SV",0.00821596244131455,"Neuroimaging"
"ST60CV",0.00821596244131455,"Neuroimaging"
"ST60SA",0.00821596244131455,"Neuroimaging"
"ST60TA",0.00821596244131455,"Neuroimaging"
"ST60TS",0.00821596244131455,"Neuroimaging"
"ST61SV",0.00821596244131455,"Neuroimaging"
"ST62CV",0.00821596244131455,"Neuroimaging"
"ST62SA",0.00821596244131455,"Neuroimaging"
"ST62TA",0.00821596244131455,"Neuroimaging"
"ST62TS",0.00821596244131455,"Neuroimaging"
"ST65SV",0.00821596244131455,"Neuroimaging"
"ST66SV",0.0316901408450704,"Neuroimaging"
"ST68SV",0.929577464788732,"Neuroimaging"
"ST69SV",0.00821596244131455,"Neuroimaging"
"ST6SV",0.00821596244131455,"Neuroimaging"
"ST70SV",0.00821596244131455,"Neuroimaging"
"ST71SV",0.00821596244131455,"Neuroimaging"
"ST72CV",0.00821596244131455,"Neuroimaging"
"ST72SA",0.00821596244131455,"Neuroimaging"
"ST72TA",0.00821596244131455,"Neuroimaging"
"ST72TS",0.00821596244131455,"Neuroimaging"
"ST73CV",0.00821596244131455,"Neuroimaging"
"ST73SA",0.00821596244131455,"Neuroimaging"
"ST73TA",0.00821596244131455,"Neuroimaging"
"ST73TS",0.00821596244131455,"Neuroimaging"
"ST74CV",0.00821596244131455,"Neuroimaging"
"ST74SA",0.00821596244131455,"Neuroimaging"
"ST74TA",0.00821596244131455,"Neuroimaging"
"ST74TS",0.00821596244131455,"Neuroimaging"
"ST75SV",0.00821596244131455,"Neuroimaging"
"ST76SV",0.00821596244131455,"Neuroimaging"
"ST77SV",0.00821596244131455,"Neuroimaging"
"ST7SV",0.00821596244131455,"Neuroimaging"
"ST80SV",0.00821596244131455,"Neuroimaging"
"ST82CV",0.00821596244131455,"Neuroimaging"
"ST82SA",0.00821596244131455,"Neuroimaging"
"ST82TA",0.00821596244131455,"Neuroimaging"
"ST82TS",0.00821596244131455,"Neuroimaging"
"ST83CV",0.00821596244131455,"Neuroimaging"
"ST83SA",0.00821596244131455,"Neuroimaging"
"ST83TA",0.00821596244131455,"Neuroimaging"
"ST83TS",0.00821596244131455,"Neuroimaging"
"ST84CV",0.00821596244131455,"Neuroimaging"
"ST84SA",0.00821596244131455,"Neuroimaging"
"ST84TA",0.00821596244131455,"Neuroimaging"
"ST84TS",0.00821596244131455,"Neuroimaging"
"ST85CV",0.00821596244131455,"Neuroimaging"
"ST85SA",0.00821596244131455,"Neuroimaging"
"ST85TA",0.00821596244131455,"Neuroimaging"
"ST85TS",0.00821596244131455,"Neuroimaging"
"ST87sa",0.00821596244131455,"Neuroimaging"
"ST88SV",0.00821596244131455,"Neuroimaging"
"ST89SV",0.00821596244131455,"Neuroimaging"
"ST8SV",0.982394366197183,"Neuroimaging"
"ST90CV",0.00821596244131455,"Neuroimaging"
"ST90SA",0.00821596244131455,"Neuroimaging"
"ST90TA",0.00821596244131455,"Neuroimaging"
"ST90TS",0.00821596244131455,"Neuroimaging"
"ST91CV",0.00821596244131455,"Neuroimaging"
"ST91SA",0.00821596244131455,"Neuroimaging"
"ST91TA",0.00821596244131455,"Neuroimaging"
"ST91TS",0.00821596244131455,"Neuroimaging"
"ST93CV",0.00821596244131455,"Neuroimaging"
"ST93SA",0.00821596244131455,"Neuroimaging"
"ST93TA",0.00821596244131455,"Neuroimaging"
"ST93TS",0.00821596244131455,"Neuroimaging"
"ST94CV",0.00821596244131455,"Neuroimaging"
"ST94SA",0.00821596244131455,"Neuroimaging"
"ST94TA",0.00821596244131455,"Neuroimaging"
"ST94TS",0.00821596244131455,"Neuroimaging"
"ST95CV",0.00821596244131455,"Neuroimaging"
"ST95SA",0.00821596244131455,"Neuroimaging"
"ST95TA",0.00821596244131455,"Neuroimaging"
"ST95TS",0.00821596244131455,"Neuroimaging"
"ST96SV",0.00821596244131455,"Neuroimaging"
"ST97CV",0.00821596244131455,"Neuroimaging"
"ST97SA",0.00821596244131455,"Neuroimaging"
"ST97TA",0.00821596244131455,"Neuroimaging"
"ST97TS",0.00821596244131455,"Neuroimaging"
"ST98CV",0.00821596244131455,"Neuroimaging"
"ST98SA",0.00821596244131455,"Neuroimaging"
"ST98TA",0.00821596244131455,"Neuroimaging"
"ST98TS",0.00821596244131455,"Neuroimaging"
"ST99CV",0.00821596244131455,"Neuroimaging"
"ST99SA",0.00821596244131455,"Neuroimaging"
"ST99TA",0.00821596244131455,"Neuroimaging"
"ST99TS",0.00821596244131455,"Neuroimaging"
"ST9SV",0.00821596244131455,"Neuroimaging"
"ST147SV",0.00821596244131455,"Neuroimaging"
"ST148SV",0.00821596244131455,"Neuroimaging"
"ST149SV",0.00821596244131455,"Neuroimaging"
"ST150SV",0.00821596244131455,"Neuroimaging"
"ST151SV",0.00821596244131455,"Neuroimaging"
"ST152SV",0.00821596244131455,"Neuroimaging"
"ST153SV",0.00821596244131455,"Neuroimaging"
"ST154SV",0.00821596244131455,"Neuroimaging"
"ST155SV",0.00821596244131455,"Neuroimaging"
"BATCH",0.17018779342723,"Fluid Biomarkers"
"KIT",0.17018779342723,"Fluid Biomarkers"
"STDS",0.17018779342723,"Fluid Biomarkers"
"ABETA",0.17018779342723,"Fluid Biomarkers"
"TAU",0.211267605633803,"Fluid Biomarkers"
"PTAU",0.17018779342723,"Fluid Biomarkers"
"ABETA_RAW",0.17018779342723,"Fluid Biomarkers"
"TAU_RAW",0.211267605633803,"Fluid Biomarkers"
"PTAU_RAW",0.17018779342723,"Fluid Biomarkers"
"ROINAME",0.0903755868544601,"Neuroimaging"
"MEAN",0.0903755868544601,"Neuroimaging"
"MAX",0.0903755868544601,"Neuroimaging"
"STDEV",0.0903755868544601,"Neuroimaging"
"TOTVOX",0.0903755868544601,"Neuroimaging"
"LONIUID",0.0950704225352113,"Neuroimaging"
"SCANDATE",0.0950704225352113,"Neuroimaging"
"SITEID.amy",0.0950704225352113,"Other Metadata"
"PROCESSDATE",0.0950704225352113,"Neuroimaging"
"IMAGE_RESOLUTION",0.0950704225352113,"Neuroimaging"
"qc_flag",0.0950704225352113,"Neuroimaging"
"TRACER",0.0950704225352113,"Neuroimaging"
"TRACER_SUVR_WARNING",0.0950704225352113,"Neuroimaging"
"AMYLOID_STATUS",0.0950704225352113,"Neuroimaging"
"AMYLOID_STATUS_COMPOSITE_REF",0.0950704225352113,"Neuroimaging"
"CENTILOIDS",0.11150234741784,"Neuroimaging"
"SUMMARY_SUVR",0.0950704225352113,"Neuroimaging"
"SUMMARY_VOLUME",0.197183098591549,"Neuroimaging"
"WHOLECEREBELLUM_SUVR",0.0950704225352113,"Neuroimaging"
"WHOLECEREBELLUM_VOLUME",0.197183098591549,"Neuroimaging"
"COMPOSITE_REF_SUVR",0.0950704225352113,"Neuroimaging"
"COMPOSITE_REF_VOLUME",0.197183098591549,"Neuroimaging"
"CEREBELLUM_CORTEX_SUVR",0.197183098591549,"Neuroimaging"
"CEREBELLUM_CORTEX_VOLUME",0.197183098591549,"Neuroimaging"
"ERODED_SUBCORTICALWM_SUVR",0.197183098591549,"Neuroimaging"
"ERODED_SUBCORTICALWM_VOLUME",0.197183098591549,"Neuroimaging"
"BRAINSTEM_SUVR",0.197183098591549,"Neuroimaging"
"BRAINSTEM_VOLUME",0.197183098591549,"Neuroimaging"
"CC_ANTERIOR_SUVR",0.197183098591549,"Neuroimaging"
"CC_ANTERIOR_VOLUME",0.197183098591549,"Neuroimaging"
"CC_CENTRAL_SUVR",0.197183098591549,"Neuroimaging"
"CC_CENTRAL_VOLUME",0.197183098591549,"Neuroimaging"
"CC_MID_ANTERIOR_SUVR",0.197183098591549,"Neuroimaging"
"CC_MID_ANTERIOR_VOLUME",0.197183098591549,"Neuroimaging"
"CC_MID_POSTERIOR_SUVR",0.197183098591549,"Neuroimaging"
"CC_MID_POSTERIOR_VOLUME",0.197183098591549,"Neuroimaging"
"CC_POSTERIOR_SUVR",0.197183098591549,"Neuroimaging"
"CC_POSTERIOR_VOLUME",0.197183098591549,"Neuroimaging"
"CSF_SUVR",0.197183098591549,"Neuroimaging"
"CSF_VOLUME",0.197183098591549,"Neuroimaging"
"VENTRICLE_3RD_SUVR",0.197183098591549,"Neuroimaging"
"VENTRICLE_3RD_VOLUME",0.197183098591549,"Neuroimaging"
"VENTRICLE_4TH_SUVR",0.197183098591549,"Neuroimaging"
"VENTRICLE_4TH_VOLUME",0.197183098591549,"Neuroimaging"
"VENTRICLE_5TH_SUVR",0.994131455399061,"Neuroimaging"
"VENTRICLE_5TH_VOLUME",0.994131455399061,"Neuroimaging"
"WM_HYPOINTENSITIES_SUVR",0.197183098591549,"Neuroimaging"
"WM_HYPOINTENSITIES_VOLUME",0.197183098591549,"Neuroimaging"
"NON_WM_HYPOINTENSITIES_SUVR",0.958920187793427,"Neuroimaging"
"NON_WM_HYPOINTENSITIES_VOLUME",0.958920187793427,"Neuroimaging"
"CTX_BANKSSTS_SUVR",0.197183098591549,"Neuroimaging"
"CTX_BANKSSTS_VOLUME",0.197183098591549,"Neuroimaging"
"CTX_CAUDALANTERIORCINGULATE_SUVR",0.197183098591549,"Neuroimaging"
"CTX_CAUDALANTERIORCINGULATE_VOLUME",0.197183098591549,"Neuroimaging"
"CTX_CAUDALMIDDLEFRONTAL_SUVR",0.197183098591549,"Neuroimaging"
"CTX_CAUDALMIDDLEFRONTAL_VOLUME",0.197183098591549,"Neuroimaging"
"CTX_CUNEUS_SUVR",0.197183098591549,"Neuroimaging"
"CTX_CUNEUS_VOLUME",0.197183098591549,"Neuroimaging"
"CTX_ENTORHINAL_SUVR",0.197183098591549,"Neuroimaging"
"CTX_ENTORHINAL_VOLUME",0.197183098591549,"Neuroimaging"
"CTX_FRONTALPOLE_SUVR",0.197183098591549,"Neuroimaging"
"CTX_FRONTALPOLE_VOLUME",0.197183098591549,"Neuroimaging"
"CTX_FUSIFORM_SUVR",0.197183098591549,"Neuroimaging"
"CTX_FUSIFORM_VOLUME",0.197183098591549,"Neuroimaging"
"CTX_INFERIORPARIETAL_SUVR",0.197183098591549,"Neuroimaging"
"CTX_INFERIORPARIETAL_VOLUME",0.197183098591549,"Neuroimaging"
"CTX_INFERIORTEMPORAL_SUVR",0.197183098591549,"Neuroimaging"
"CTX_INFERIORTEMPORAL_VOLUME",0.197183098591549,"Neuroimaging"
"CTX_INSULA_SUVR",0.197183098591549,"Neuroimaging"
"CTX_INSULA_VOLUME",0.197183098591549,"Neuroimaging"
"CTX_ISTHMUSCINGULATE_SUVR",0.197183098591549,"Neuroimaging"
"CTX_ISTHMUSCINGULATE_VOLUME",0.197183098591549,"Neuroimaging"
"CTX_LATERALOCCIPITAL_SUVR",0.197183098591549,"Neuroimaging"
"CTX_LATERALOCCIPITAL_VOLUME",0.197183098591549,"Neuroimaging"
"CTX_LATERALORBITOFRONTAL_SUVR",0.197183098591549,"Neuroimaging"
"CTX_LATERALORBITOFRONTAL_VOLUME",0.197183098591549,"Neuroimaging"
"CTX_LINGUAL_SUVR",0.197183098591549,"Neuroimaging"
"CTX_LINGUAL_VOLUME",0.197183098591549,"Neuroimaging"
"CTX_MEDIALORBITOFRONTAL_SUVR",0.197183098591549,"Neuroimaging"
"CTX_MEDIALORBITOFRONTAL_VOLUME",0.197183098591549,"Neuroimaging"
"CTX_MIDDLETEMPORAL_SUVR",0.197183098591549,"Neuroimaging"
"CTX_MIDDLETEMPORAL_VOLUME",0.197183098591549,"Neuroimaging"
"CTX_PARACENTRAL_SUVR",0.197183098591549,"Neuroimaging"
"CTX_PARACENTRAL_VOLUME",0.197183098591549,"Neuroimaging"
"CTX_PARAHIPPOCAMPAL_SUVR",0.197183098591549,"Neuroimaging"
"CTX_PARAHIPPOCAMPAL_VOLUME",0.197183098591549,"Neuroimaging"
"CTX_PARSOPERCULARIS_SUVR",0.197183098591549,"Neuroimaging"
"CTX_PARSOPERCULARIS_VOLUME",0.197183098591549,"Neuroimaging"
"CTX_PARSORBITALIS_SUVR",0.197183098591549,"Neuroimaging"
"CTX_PARSORBITALIS_VOLUME",0.197183098591549,"Neuroimaging"
"CTX_PARSTRIANGULARIS_SUVR",0.197183098591549,"Neuroimaging"
"CTX_PARSTRIANGULARIS_VOLUME",0.197183098591549,"Neuroimaging"
"CTX_PERICALCARINE_SUVR",0.197183098591549,"Neuroimaging"
"CTX_PERICALCARINE_VOLUME",0.197183098591549,"Neuroimaging"
"CTX_POSTCENTRAL_SUVR",0.197183098591549,"Neuroimaging"
"CTX_POSTCENTRAL_VOLUME",0.197183098591549,"Neuroimaging"
"CTX_POSTERIORCINGULATE_SUVR",0.197183098591549,"Neuroimaging"
"CTX_POSTERIORCINGULATE_VOLUME",0.197183098591549,"Neuroimaging"
"CTX_PRECENTRAL_SUVR",0.197183098591549,"Neuroimaging"
"CTX_PRECENTRAL_VOLUME",0.197183098591549,"Neuroimaging"
"CTX_PRECUNEUS_SUVR",0.197183098591549,"Neuroimaging"
"CTX_PRECUNEUS_VOLUME",0.197183098591549,"Neuroimaging"
"CTX_ROSTRALANTERIORCINGULATE_SUVR",0.197183098591549,"Neuroimaging"
"CTX_ROSTRALANTERIORCINGULATE_VOLUME",0.197183098591549,"Neuroimaging"
"CTX_ROSTRALMIDDLEFRONTAL_SUVR",0.197183098591549,"Neuroimaging"
"CTX_ROSTRALMIDDLEFRONTAL_VOLUME",0.197183098591549,"Neuroimaging"
"CTX_SUPERIORFRONTAL_SUVR",0.197183098591549,"Neuroimaging"
"CTX_SUPERIORFRONTAL_VOLUME",0.197183098591549,"Neuroimaging"
"CTX_SUPERIORPARIETAL_SUVR",0.197183098591549,"Neuroimaging"
"CTX_SUPERIORPARIETAL_VOLUME",0.197183098591549,"Neuroimaging"
"CTX_SUPERIORTEMPORAL_SUVR",0.197183098591549,"Neuroimaging"
"CTX_SUPERIORTEMPORAL_VOLUME",0.197183098591549,"Neuroimaging"
"CTX_SUPRAMARGINAL_SUVR",0.197183098591549,"Neuroimaging"
"CTX_SUPRAMARGINAL_VOLUME",0.197183098591549,"Neuroimaging"
"CTX_TEMPORALPOLE_SUVR",0.197183098591549,"Neuroimaging"
"CTX_TEMPORALPOLE_VOLUME",0.197183098591549,"Neuroimaging"
"CTX_TRANSVERSETEMPORAL_SUVR",0.197183098591549,"Neuroimaging"
"CTX_TRANSVERSETEMPORAL_VOLUME",0.197183098591549,"Neuroimaging"
"ACCUMBENS_AREA_SUVR",0.197183098591549,"Neuroimaging"
"ACCUMBENS_AREA_VOLUME",0.197183098591549,"Neuroimaging"
"AMYGDALA_SUVR",0.197183098591549,"Neuroimaging"
"AMYGDALA_VOLUME",0.197183098591549,"Neuroimaging"
"CAUDATE_SUVR",0.197183098591549,"Neuroimaging"
"CAUDATE_VOLUME",0.197183098591549,"Neuroimaging"
"CEREBELLUM_WHITE_MATTER_SUVR",0.197183098591549,"Neuroimaging"
"CEREBELLUM_WHITE_MATTER_VOLUME",0.197183098591549,"Neuroimaging"
"CEREBRAL_WHITE_MATTER_SUVR",0.197183098591549,"Neuroimaging"
"CEREBRAL_WHITE_MATTER_VOLUME",0.197183098591549,"Neuroimaging"
"CHOROID_PLEXUS_SUVR",0.197183098591549,"Neuroimaging"
"CHOROID_PLEXUS_VOLUME",0.197183098591549,"Neuroimaging"
"HIPPOCAMPUS_SUVR",0.197183098591549,"Neuroimaging"
"HIPPOCAMPUS_VOLUME",0.197183098591549,"Neuroimaging"
"OPTIC_CHIASM_SUVR",0.197183098591549,"Neuroimaging"
"OPTIC_CHIASM_VOLUME",0.197183098591549,"Neuroimaging"
"INF_LAT_VENT_SUVR",0.197183098591549,"Neuroimaging"
"INF_LAT_VENT_VOLUME",0.197183098591549,"Neuroimaging"
"LATERAL_VENTRICLE_SUVR",0.197183098591549,"Neuroimaging"
"LATERAL_VENTRICLE_VOLUME",0.197183098591549,"Neuroimaging"
"PALLIDUM_SUVR",0.197183098591549,"Neuroimaging"
"PALLIDUM_VOLUME",0.197183098591549,"Neuroimaging"
"PUTAMEN_SUVR",0.197183098591549,"Neuroimaging"
"PUTAMEN_VOLUME",0.197183098591549,"Neuroimaging"
"THALAMUS_PROPER_SUVR",0.197183098591549,"Neuroimaging"
"THALAMUS_PROPER_VOLUME",0.197183098591549,"Neuroimaging"
"VENTRALDC_SUVR",0.197183098591549,"Neuroimaging"
"VENTRALDC_VOLUME",0.197183098591549,"Neuroimaging"
"VESSEL_SUVR",0.197183098591549,"Neuroimaging"
"VESSEL_VOLUME",0.197183098591549,"Neuroimaging"
"CTX_LH_BANKSSTS_SUVR",0.197183098591549,"Neuroimaging"
"CTX_LH_BANKSSTS_VOLUME",0.197183098591549,"Neuroimaging"
"CTX_LH_CAUDALANTERIORCINGULATE_SUVR",0.197183098591549,"Neuroimaging"
"CTX_LH_CAUDALANTERIORCINGULATE_VOLUME",0.197183098591549,"Neuroimaging"
"CTX_LH_CAUDALMIDDLEFRONTAL_SUVR",0.197183098591549,"Neuroimaging"
"CTX_LH_CAUDALMIDDLEFRONTAL_VOLUME",0.197183098591549,"Neuroimaging"
"CTX_LH_CUNEUS_SUVR",0.197183098591549,"Neuroimaging"
"CTX_LH_CUNEUS_VOLUME",0.197183098591549,"Neuroimaging"
"CTX_LH_ENTORHINAL_SUVR",0.197183098591549,"Neuroimaging"
"CTX_LH_ENTORHINAL_VOLUME",0.197183098591549,"Neuroimaging"
"CTX_LH_FRONTALPOLE_SUVR",0.197183098591549,"Neuroimaging"
"CTX_LH_FRONTALPOLE_VOLUME",0.197183098591549,"Neuroimaging"
"CTX_LH_FUSIFORM_SUVR",0.197183098591549,"Neuroimaging"
"CTX_LH_FUSIFORM_VOLUME",0.197183098591549,"Neuroimaging"
"CTX_LH_INFERIORPARIETAL_SUVR",0.197183098591549,"Neuroimaging"
"CTX_LH_INFERIORPARIETAL_VOLUME",0.197183098591549,"Neuroimaging"
"CTX_LH_INFERIORTEMPORAL_SUVR",0.197183098591549,"Neuroimaging"
"CTX_LH_INFERIORTEMPORAL_VOLUME",0.197183098591549,"Neuroimaging"
"CTX_LH_INSULA_SUVR",0.197183098591549,"Neuroimaging"
"CTX_LH_INSULA_VOLUME",0.197183098591549,"Neuroimaging"
"CTX_LH_ISTHMUSCINGULATE_SUVR",0.197183098591549,"Neuroimaging"
"CTX_LH_ISTHMUSCINGULATE_VOLUME",0.197183098591549,"Neuroimaging"
"CTX_LH_LATERALOCCIPITAL_SUVR",0.197183098591549,"Neuroimaging"
"CTX_LH_LATERALOCCIPITAL_VOLUME",0.197183098591549,"Neuroimaging"
"CTX_LH_LATERALORBITOFRONTAL_SUVR",0.197183098591549,"Neuroimaging"
"CTX_LH_LATERALORBITOFRONTAL_VOLUME",0.197183098591549,"Neuroimaging"
"CTX_LH_LINGUAL_SUVR",0.197183098591549,"Neuroimaging"
"CTX_LH_LINGUAL_VOLUME",0.197183098591549,"Neuroimaging"
"CTX_LH_MEDIALORBITOFRONTAL_SUVR",0.197183098591549,"Neuroimaging"
"CTX_LH_MEDIALORBITOFRONTAL_VOLUME",0.197183098591549,"Neuroimaging"
"CTX_LH_MIDDLETEMPORAL_SUVR",0.197183098591549,"Neuroimaging"
"CTX_LH_MIDDLETEMPORAL_VOLUME",0.197183098591549,"Neuroimaging"
"CTX_LH_PARACENTRAL_SUVR",0.197183098591549,"Neuroimaging"
"CTX_LH_PARACENTRAL_VOLUME",0.197183098591549,"Neuroimaging"
"CTX_LH_PARAHIPPOCAMPAL_SUVR",0.197183098591549,"Neuroimaging"
"CTX_LH_PARAHIPPOCAMPAL_VOLUME",0.197183098591549,"Neuroimaging"
"CTX_LH_PARSOPERCULARIS_SUVR",0.197183098591549,"Neuroimaging"
"CTX_LH_PARSOPERCULARIS_VOLUME",0.197183098591549,"Neuroimaging"
"CTX_LH_PARSORBITALIS_SUVR",0.197183098591549,"Neuroimaging"
"CTX_LH_PARSORBITALIS_VOLUME",0.197183098591549,"Neuroimaging"
"CTX_LH_PARSTRIANGULARIS_SUVR",0.197183098591549,"Neuroimaging"
"CTX_LH_PARSTRIANGULARIS_VOLUME",0.197183098591549,"Neuroimaging"
"CTX_LH_PERICALCARINE_SUVR",0.197183098591549,"Neuroimaging"
"CTX_LH_PERICALCARINE_VOLUME",0.197183098591549,"Neuroimaging"
"CTX_LH_POSTCENTRAL_SUVR",0.197183098591549,"Neuroimaging"
"CTX_LH_POSTCENTRAL_VOLUME",0.197183098591549,"Neuroimaging"
"CTX_LH_POSTERIORCINGULATE_SUVR",0.197183098591549,"Neuroimaging"
"CTX_LH_POSTERIORCINGULATE_VOLUME",0.197183098591549,"Neuroimaging"
"CTX_LH_PRECENTRAL_SUVR",0.197183098591549,"Neuroimaging"
"CTX_LH_PRECENTRAL_VOLUME",0.197183098591549,"Neuroimaging"
"CTX_LH_PRECUNEUS_SUVR",0.197183098591549,"Neuroimaging"
"CTX_LH_PRECUNEUS_VOLUME",0.197183098591549,"Neuroimaging"
"CTX_LH_ROSTRALANTERIORCINGULATE_SUVR",0.197183098591549,"Neuroimaging"
"CTX_LH_ROSTRALANTERIORCINGULATE_VOLUME",0.197183098591549,"Neuroimaging"
"CTX_LH_ROSTRALMIDDLEFRONTAL_SUVR",0.197183098591549,"Neuroimaging"
"CTX_LH_ROSTRALMIDDLEFRONTAL_VOLUME",0.197183098591549,"Neuroimaging"
"CTX_LH_SUPERIORFRONTAL_SUVR",0.197183098591549,"Neuroimaging"
"CTX_LH_SUPERIORFRONTAL_VOLUME",0.197183098591549,"Neuroimaging"
"CTX_LH_SUPERIORPARIETAL_SUVR",0.197183098591549,"Neuroimaging"
"CTX_LH_SUPERIORPARIETAL_VOLUME",0.197183098591549,"Neuroimaging"
"CTX_LH_SUPERIORTEMPORAL_SUVR",0.197183098591549,"Neuroimaging"
"CTX_LH_SUPERIORTEMPORAL_VOLUME",0.197183098591549,"Neuroimaging"
"CTX_LH_SUPRAMARGINAL_SUVR",0.197183098591549,"Neuroimaging"
"CTX_LH_SUPRAMARGINAL_VOLUME",0.197183098591549,"Neuroimaging"
"CTX_LH_TEMPORALPOLE_SUVR",0.197183098591549,"Neuroimaging"
"CTX_LH_TEMPORALPOLE_VOLUME",0.197183098591549,"Neuroimaging"
"CTX_LH_TRANSVERSETEMPORAL_SUVR",0.197183098591549,"Neuroimaging"
"CTX_LH_TRANSVERSETEMPORAL_VOLUME",0.197183098591549,"Neuroimaging"
"CTX_RH_BANKSSTS_SUVR",0.197183098591549,"Neuroimaging"
"CTX_RH_BANKSSTS_VOLUME",0.197183098591549,"Neuroimaging"
"CTX_RH_CAUDALANTERIORCINGULATE_SUVR",0.197183098591549,"Neuroimaging"
"CTX_RH_CAUDALANTERIORCINGULATE_VOLUME",0.197183098591549,"Neuroimaging"
"CTX_RH_CAUDALMIDDLEFRONTAL_SUVR",0.197183098591549,"Neuroimaging"
"CTX_RH_CAUDALMIDDLEFRONTAL_VOLUME",0.197183098591549,"Neuroimaging"
"CTX_RH_CUNEUS_SUVR",0.197183098591549,"Neuroimaging"
"CTX_RH_CUNEUS_VOLUME",0.197183098591549,"Neuroimaging"
"CTX_RH_ENTORHINAL_SUVR",0.197183098591549,"Neuroimaging"
"CTX_RH_ENTORHINAL_VOLUME",0.197183098591549,"Neuroimaging"
"CTX_RH_FRONTALPOLE_SUVR",0.197183098591549,"Neuroimaging"
"CTX_RH_FRONTALPOLE_VOLUME",0.197183098591549,"Neuroimaging"
"CTX_RH_FUSIFORM_SUVR",0.197183098591549,"Neuroimaging"
"CTX_RH_FUSIFORM_VOLUME",0.197183098591549,"Neuroimaging"
"CTX_RH_INFERIORPARIETAL_SUVR",0.197183098591549,"Neuroimaging"
"CTX_RH_INFERIORPARIETAL_VOLUME",0.197183098591549,"Neuroimaging"
"CTX_RH_INFERIORTEMPORAL_SUVR",0.197183098591549,"Neuroimaging"
"CTX_RH_INFERIORTEMPORAL_VOLUME",0.197183098591549,"Neuroimaging"
"CTX_RH_INSULA_SUVR",0.197183098591549,"Neuroimaging"
"CTX_RH_INSULA_VOLUME",0.197183098591549,"Neuroimaging"
"CTX_RH_ISTHMUSCINGULATE_SUVR",0.197183098591549,"Neuroimaging"
"CTX_RH_ISTHMUSCINGULATE_VOLUME",0.197183098591549,"Neuroimaging"
"CTX_RH_LATERALOCCIPITAL_SUVR",0.197183098591549,"Neuroimaging"
"CTX_RH_LATERALOCCIPITAL_VOLUME",0.197183098591549,"Neuroimaging"
"CTX_RH_LATERALORBITOFRONTAL_SUVR",0.197183098591549,"Neuroimaging"
"CTX_RH_LATERALORBITOFRONTAL_VOLUME",0.197183098591549,"Neuroimaging"
"CTX_RH_LINGUAL_SUVR",0.197183098591549,"Neuroimaging"
"CTX_RH_LINGUAL_VOLUME",0.197183098591549,"Neuroimaging"
"CTX_RH_MEDIALORBITOFRONTAL_SUVR",0.197183098591549,"Neuroimaging"
"CTX_RH_MEDIALORBITOFRONTAL_VOLUME",0.197183098591549,"Neuroimaging"
"CTX_RH_MIDDLETEMPORAL_SUVR",0.197183098591549,"Neuroimaging"
"CTX_RH_MIDDLETEMPORAL_VOLUME",0.197183098591549,"Neuroimaging"
"CTX_RH_PARACENTRAL_SUVR",0.197183098591549,"Neuroimaging"
"CTX_RH_PARACENTRAL_VOLUME",0.197183098591549,"Neuroimaging"
"CTX_RH_PARAHIPPOCAMPAL_SUVR",0.197183098591549,"Neuroimaging"
"CTX_RH_PARAHIPPOCAMPAL_VOLUME",0.197183098591549,"Neuroimaging"
"CTX_RH_PARSOPERCULARIS_SUVR",0.197183098591549,"Neuroimaging"
"CTX_RH_PARSOPERCULARIS_VOLUME",0.197183098591549,"Neuroimaging"
"CTX_RH_PARSORBITALIS_SUVR",0.197183098591549,"Neuroimaging"
"CTX_RH_PARSORBITALIS_VOLUME",0.197183098591549,"Neuroimaging"
"CTX_RH_PARSTRIANGULARIS_SUVR",0.197183098591549,"Neuroimaging"
"CTX_RH_PARSTRIANGULARIS_VOLUME",0.197183098591549,"Neuroimaging"
"CTX_RH_PERICALCARINE_SUVR",0.197183098591549,"Neuroimaging"
"CTX_RH_PERICALCARINE_VOLUME",0.197183098591549,"Neuroimaging"
"CTX_RH_POSTCENTRAL_SUVR",0.197183098591549,"Neuroimaging"
"CTX_RH_POSTCENTRAL_VOLUME",0.197183098591549,"Neuroimaging"
"CTX_RH_POSTERIORCINGULATE_SUVR",0.197183098591549,"Neuroimaging"
"CTX_RH_POSTERIORCINGULATE_VOLUME",0.197183098591549,"Neuroimaging"
"CTX_RH_PRECENTRAL_SUVR",0.197183098591549,"Neuroimaging"
"CTX_RH_PRECENTRAL_VOLUME",0.197183098591549,"Neuroimaging"
"CTX_RH_PRECUNEUS_SUVR",0.197183098591549,"Neuroimaging"
"CTX_RH_PRECUNEUS_VOLUME",0.197183098591549,"Neuroimaging"
"CTX_RH_ROSTRALANTERIORCINGULATE_SUVR",0.197183098591549,"Neuroimaging"
"CTX_RH_ROSTRALANTERIORCINGULATE_VOLUME",0.197183098591549,"Neuroimaging"
"CTX_RH_ROSTRALMIDDLEFRONTAL_SUVR",0.197183098591549,"Neuroimaging"
"CTX_RH_ROSTRALMIDDLEFRONTAL_VOLUME",0.197183098591549,"Neuroimaging"
"CTX_RH_SUPERIORFRONTAL_SUVR",0.197183098591549,"Neuroimaging"
"CTX_RH_SUPERIORFRONTAL_VOLUME",0.197183098591549,"Neuroimaging"
"CTX_RH_SUPERIORPARIETAL_SUVR",0.197183098591549,"Neuroimaging"
"CTX_RH_SUPERIORPARIETAL_VOLUME",0.197183098591549,"Neuroimaging"
"CTX_RH_SUPERIORTEMPORAL_SUVR",0.197183098591549,"Neuroimaging"
"CTX_RH_SUPERIORTEMPORAL_VOLUME",0.197183098591549,"Neuroimaging"
"CTX_RH_SUPRAMARGINAL_SUVR",0.197183098591549,"Neuroimaging"
"CTX_RH_SUPRAMARGINAL_VOLUME",0.197183098591549,"Neuroimaging"
"CTX_RH_TEMPORALPOLE_SUVR",0.197183098591549,"Neuroimaging"
"CTX_RH_TEMPORALPOLE_VOLUME",0.197183098591549,"Neuroimaging"
"CTX_RH_TRANSVERSETEMPORAL_SUVR",0.197183098591549,"Neuroimaging"
"CTX_RH_TRANSVERSETEMPORAL_VOLUME",0.197183098591549,"Neuroimaging"
"LEFT_ACCUMBENS_AREA_SUVR",0.197183098591549,"Neuroimaging"
"LEFT_ACCUMBENS_AREA_VOLUME",0.197183098591549,"Neuroimaging"
"LEFT_AMYGDALA_SUVR",0.197183098591549,"Neuroimaging"
"LEFT_AMYGDALA_VOLUME",0.197183098591549,"Neuroimaging"
"LEFT_CAUDATE_SUVR",0.197183098591549,"Neuroimaging"
"LEFT_CAUDATE_VOLUME",0.197183098591549,"Neuroimaging"
"LEFT_CEREBELLUM_CORTEX_SUVR",0.197183098591549,"Neuroimaging"
"LEFT_CEREBELLUM_CORTEX_VOLUME",0.197183098591549,"Neuroimaging"
"LEFT_CEREBELLUM_WHITE_MATTER_SUVR",0.197183098591549,"Neuroimaging"
"LEFT_CEREBELLUM_WHITE_MATTER_VOLUME",0.197183098591549,"Neuroimaging"
"LEFT_CEREBRAL_WHITE_MATTER_SUVR",0.197183098591549,"Neuroimaging"
"LEFT_CEREBRAL_WHITE_MATTER_VOLUME",0.197183098591549,"Neuroimaging"
"LEFT_CHOROID_PLEXUS_SUVR",0.197183098591549,"Neuroimaging"
"LEFT_CHOROID_PLEXUS_VOLUME",0.197183098591549,"Neuroimaging"
"LEFT_HIPPOCAMPUS_SUVR",0.197183098591549,"Neuroimaging"
"LEFT_HIPPOCAMPUS_VOLUME",0.197183098591549,"Neuroimaging"
"LEFT_INF_LAT_VENT_SUVR",0.197183098591549,"Neuroimaging"
"LEFT_INF_LAT_VENT_VOLUME",0.197183098591549,"Neuroimaging"
"LEFT_LATERAL_VENTRICLE_SUVR",0.197183098591549,"Neuroimaging"
"LEFT_LATERAL_VENTRICLE_VOLUME",0.197183098591549,"Neuroimaging"
"LEFT_PALLIDUM_SUVR",0.197183098591549,"Neuroimaging"
"LEFT_PALLIDUM_VOLUME",0.197183098591549,"Neuroimaging"
"LEFT_PUTAMEN_SUVR",0.197183098591549,"Neuroimaging"
"LEFT_PUTAMEN_VOLUME",0.197183098591549,"Neuroimaging"
"LEFT_THALAMUS_PROPER_SUVR",0.197183098591549,"Neuroimaging"
"LEFT_THALAMUS_PROPER_VOLUME",0.197183098591549,"Neuroimaging"
"LEFT_VENTRALDC_SUVR",0.197183098591549,"Neuroimaging"
"LEFT_VENTRALDC_VOLUME",0.197183098591549,"Neuroimaging"
"LEFT_VESSEL_SUVR",0.205399061032864,"Neuroimaging"
"LEFT_VESSEL_VOLUME",0.205399061032864,"Neuroimaging"
"RIGHT_ACCUMBENS_AREA_SUVR",0.197183098591549,"Neuroimaging"
"RIGHT_ACCUMBENS_AREA_VOLUME",0.197183098591549,"Neuroimaging"
"RIGHT_AMYGDALA_SUVR",0.197183098591549,"Neuroimaging"
"RIGHT_AMYGDALA_VOLUME",0.197183098591549,"Neuroimaging"
"RIGHT_CAUDATE_SUVR",0.197183098591549,"Neuroimaging"
"RIGHT_CAUDATE_VOLUME",0.197183098591549,"Neuroimaging"
"RIGHT_CEREBELLUM_CORTEX_SUVR",0.197183098591549,"Neuroimaging"
"RIGHT_CEREBELLUM_CORTEX_VOLUME",0.197183098591549,"Neuroimaging"
"RIGHT_CEREBELLUM_WHITE_MATTER_SUVR",0.197183098591549,"Neuroimaging"
"RIGHT_CEREBELLUM_WHITE_MATTER_VOLUME",0.197183098591549,"Neuroimaging"
"RIGHT_CEREBRAL_WHITE_MATTER_SUVR",0.197183098591549,"Neuroimaging"
"RIGHT_CEREBRAL_WHITE_MATTER_VOLUME",0.197183098591549,"Neuroimaging"
"RIGHT_CHOROID_PLEXUS_SUVR",0.197183098591549,"Neuroimaging"
"RIGHT_CHOROID_PLEXUS_VOLUME",0.197183098591549,"Neuroimaging"
"RIGHT_HIPPOCAMPUS_SUVR",0.197183098591549,"Neuroimaging"
"RIGHT_HIPPOCAMPUS_VOLUME",0.197183098591549,"Neuroimaging"
"RIGHT_INF_LAT_VENT_SUVR",0.197183098591549,"Neuroimaging"
"RIGHT_INF_LAT_VENT_VOLUME",0.197183098591549,"Neuroimaging"
"RIGHT_LATERAL_VENTRICLE_SUVR",0.197183098591549,"Neuroimaging"
"RIGHT_LATERAL_VENTRICLE_VOLUME",0.197183098591549,"Neuroimaging"
"RIGHT_PALLIDUM_SUVR",0.197183098591549,"Neuroimaging"
"RIGHT_PALLIDUM_VOLUME",0.197183098591549,"Neuroimaging"
"RIGHT_PUTAMEN_SUVR",0.197183098591549,"Neuroimaging"
"RIGHT_PUTAMEN_VOLUME",0.197183098591549,"Neuroimaging"
"RIGHT_THALAMUS_PROPER_SUVR",0.197183098591549,"Neuroimaging"
"RIGHT_THALAMUS_PROPER_VOLUME",0.197183098591549,"Neuroimaging"
"RIGHT_VENTRALDC_SUVR",0.197183098591549,"Neuroimaging"
"RIGHT_VENTRALDC_VOLUME",0.197183098591549,"Neuroimaging"
"RIGHT_VESSEL_SUVR",0.217136150234742,"Neuroimaging"
"RIGHT_VESSEL_VOLUME",0.217136150234742,"Neuroimaging"
"VERSION",0.762910798122066,"Neuroimaging"
"MANUFACTURER",0.757042253521127,"Neuroimaging"
"VOLUMES",0.757042253521127,"Neuroimaging"
"IMAGEUID.dti",0.757042253521127,"Other Metadata"
"STATUS.dti",0.757042253521127,"Other Metadata"
"QC",0.974178403755869,"Neuroimaging"
"AD_MCP",0.762910798122066,"Neuroimaging"
"AD_PCT",0.762910798122066,"Neuroimaging"
"AD_GCC",0.762910798122066,"Neuroimaging"
"AD_BCC",0.762910798122066,"Neuroimaging"
"AD_SCC",0.762910798122066,"Neuroimaging"
"AD_FX",0.762910798122066,"Neuroimaging"
"AD_CST_R",0.762910798122066,"Neuroimaging"
"AD_CST_L",0.762910798122066,"Neuroimaging"
"AD_ML_R",0.762910798122066,"Neuroimaging"
"AD_ML_L",0.762910798122066,"Neuroimaging"
"AD_ICP_R",0.762910798122066,"Neuroimaging"
"AD_ICP_L",0.762910798122066,"Neuroimaging"
"AD_SCP_R",0.762910798122066,"Neuroimaging"
"AD_SCP_L",0.762910798122066,"Neuroimaging"
"AD_CP_R",0.762910798122066,"Neuroimaging"
"AD_CP_L",0.762910798122066,"Neuroimaging"
"AD_ALIC_R",0.762910798122066,"Neuroimaging"
"AD_ALIC_L",0.762910798122066,"Neuroimaging"
"AD_PLIC_R",0.762910798122066,"Neuroimaging"
"AD_PLIC_L",0.762910798122066,"Neuroimaging"
"AD_RLIC_R",0.762910798122066,"Neuroimaging"
"AD_RLIC_L",0.762910798122066,"Neuroimaging"
"AD_ACR_R",0.762910798122066,"Neuroimaging"
"AD_ACR_L",0.762910798122066,"Neuroimaging"
"AD_SCR_R",0.762910798122066,"Neuroimaging"
"AD_SCR_L",0.762910798122066,"Neuroimaging"
"AD_PCR_R",0.762910798122066,"Neuroimaging"
"AD_PCR_L",0.762910798122066,"Neuroimaging"
"AD_PTR_R",0.762910798122066,"Neuroimaging"
"AD_PTR_L",0.762910798122066,"Neuroimaging"
"AD_SS_R",0.762910798122066,"Neuroimaging"
"AD_SS_L",0.762910798122066,"Neuroimaging"
"AD_EC_R",0.762910798122066,"Neuroimaging"
"AD_EC_L",0.762910798122066,"Neuroimaging"
"AD_CGC_R",0.762910798122066,"Neuroimaging"
"AD_CGC_L",0.762910798122066,"Neuroimaging"
"AD_CGH_R",0.762910798122066,"Neuroimaging"
"AD_CGH_L",0.762910798122066,"Neuroimaging"
"AD_FXST_R",0.762910798122066,"Neuroimaging"
"AD_FXST_L",0.762910798122066,"Neuroimaging"
"AD_SLF_R",0.762910798122066,"Neuroimaging"
"AD_SLF_L",0.762910798122066,"Neuroimaging"
"AD_SFO_R",0.762910798122066,"Neuroimaging"
"AD_SFO_L",0.762910798122066,"Neuroimaging"
"AD_UNC_R",0.762910798122066,"Neuroimaging"
"AD_UNC_L",0.762910798122066,"Neuroimaging"
"AD_TAP_R",0.762910798122066,"Neuroimaging"
"AD_TAP_L",0.762910798122066,"Neuroimaging"
"AD_CST",0.762910798122066,"Neuroimaging"
"AD_ML",0.762910798122066,"Neuroimaging"
"AD_ICP",0.762910798122066,"Neuroimaging"
"AD_SCP",0.762910798122066,"Neuroimaging"
"AD_CP",0.762910798122066,"Neuroimaging"
"AD_ALIC",0.762910798122066,"Neuroimaging"
"AD_PLIC",0.762910798122066,"Neuroimaging"
"AD_RLIC",0.762910798122066,"Neuroimaging"
"AD_ACR",0.762910798122066,"Neuroimaging"
"AD_SCR",0.762910798122066,"Neuroimaging"
"AD_PCR",0.762910798122066,"Neuroimaging"
"AD_PTR",0.762910798122066,"Neuroimaging"
"AD_SS",0.762910798122066,"Neuroimaging"
"AD_EC",0.762910798122066,"Neuroimaging"
"AD_CGC",0.762910798122066,"Neuroimaging"
"AD_CGH",0.762910798122066,"Neuroimaging"
"AD_FXST",0.762910798122066,"Neuroimaging"
"AD_SLF",0.762910798122066,"Neuroimaging"
"AD_SFO",0.762910798122066,"Neuroimaging"
"AD_UNC",0.762910798122066,"Neuroimaging"
"AD_TAP",0.762910798122066,"Neuroimaging"
"AD_IC",0.762910798122066,"Neuroimaging"
"AD_CC",0.762910798122066,"Neuroimaging"
"AD_CR",0.762910798122066,"Neuroimaging"
"AD_FULLWM",0.762910798122066,"Neuroimaging"
"FA_MCP",0.762910798122066,"Neuroimaging"
"FA_PCT",0.762910798122066,"Neuroimaging"
"FA_GCC",0.762910798122066,"Neuroimaging"
"FA_BCC",0.762910798122066,"Neuroimaging"
"FA_SCC",0.762910798122066,"Neuroimaging"
"FA_FX",0.762910798122066,"Neuroimaging"
"FA_CST_R",0.762910798122066,"Neuroimaging"
"FA_CST_L",0.762910798122066,"Neuroimaging"
"FA_ML_R",0.762910798122066,"Neuroimaging"
"FA_ML_L",0.762910798122066,"Neuroimaging"
"FA_ICP_R",0.762910798122066,"Neuroimaging"
"FA_ICP_L",0.762910798122066,"Neuroimaging"
"FA_SCP_R",0.762910798122066,"Neuroimaging"
"FA_SCP_L",0.762910798122066,"Neuroimaging"
"FA_CP_R",0.762910798122066,"Neuroimaging"
"FA_CP_L",0.762910798122066,"Neuroimaging"
"FA_ALIC_R",0.762910798122066,"Neuroimaging"
"FA_ALIC_L",0.762910798122066,"Neuroimaging"
"FA_PLIC_R",0.762910798122066,"Neuroimaging"
"FA_PLIC_L",0.762910798122066,"Neuroimaging"
"FA_RLIC_R",0.762910798122066,"Neuroimaging"
"FA_RLIC_L",0.762910798122066,"Neuroimaging"
"FA_ACR_R",0.762910798122066,"Neuroimaging"
"FA_ACR_L",0.762910798122066,"Neuroimaging"
"FA_SCR_R",0.762910798122066,"Neuroimaging"
"FA_SCR_L",0.762910798122066,"Neuroimaging"
"FA_PCR_R",0.762910798122066,"Neuroimaging"
"FA_PCR_L",0.762910798122066,"Neuroimaging"
"FA_PTR_R",0.762910798122066,"Neuroimaging"
"FA_PTR_L",0.762910798122066,"Neuroimaging"
"FA_SS_R",0.762910798122066,"Neuroimaging"
"FA_SS_L",0.762910798122066,"Neuroimaging"
"FA_EC_R",0.762910798122066,"Neuroimaging"
"FA_EC_L",0.762910798122066,"Neuroimaging"
"FA_CGC_R",0.762910798122066,"Neuroimaging"
"FA_CGC_L",0.762910798122066,"Neuroimaging"
"FA_CGH_R",0.762910798122066,"Neuroimaging"
"FA_CGH_L",0.762910798122066,"Neuroimaging"
"FA_FXST_R",0.762910798122066,"Neuroimaging"
"FA_FXST_L",0.762910798122066,"Neuroimaging"
"FA_SLF_R",0.762910798122066,"Neuroimaging"
"FA_SLF_L",0.762910798122066,"Neuroimaging"
"FA_SFO_R",0.762910798122066,"Neuroimaging"
"FA_SFO_L",0.762910798122066,"Neuroimaging"
"FA_UNC_R",0.762910798122066,"Neuroimaging"
"FA_UNC_L",0.762910798122066,"Neuroimaging"
"FA_TAP_R",0.762910798122066,"Neuroimaging"
"FA_TAP_L",0.762910798122066,"Neuroimaging"
"FA_CST",0.762910798122066,"Neuroimaging"
"FA_ML",0.762910798122066,"Neuroimaging"
"FA_ICP",0.762910798122066,"Neuroimaging"
"FA_SCP",0.762910798122066,"Neuroimaging"
"FA_CP",0.762910798122066,"Neuroimaging"
"FA_ALIC",0.762910798122066,"Neuroimaging"
"FA_PLIC",0.762910798122066,"Neuroimaging"
"FA_RLIC",0.762910798122066,"Neuroimaging"
"FA_ACR",0.762910798122066,"Neuroimaging"
"FA_SCR",0.762910798122066,"Neuroimaging"
"FA_PCR",0.762910798122066,"Neuroimaging"
"FA_PTR",0.762910798122066,"Neuroimaging"
"FA_SS",0.762910798122066,"Neuroimaging"
"FA_EC",0.762910798122066,"Neuroimaging"
"FA_CGC",0.762910798122066,"Neuroimaging"
"FA_CGH",0.762910798122066,"Neuroimaging"
"FA_FXST",0.762910798122066,"Neuroimaging"
"FA_SLF",0.762910798122066,"Neuroimaging"
"FA_SFO",0.762910798122066,"Neuroimaging"
"FA_UNC",0.762910798122066,"Neuroimaging"
"FA_TAP",0.762910798122066,"Neuroimaging"
"FA_IC",0.762910798122066,"Neuroimaging"
"FA_CC",0.762910798122066,"Neuroimaging"
"FA_CR",0.762910798122066,"Neuroimaging"
"FA_FULLWM",0.762910798122066,"Neuroimaging"
"MD_MCP",0.762910798122066,"Neuroimaging"
"MD_PCT",0.762910798122066,"Neuroimaging"
"MD_GCC",0.762910798122066,"Neuroimaging"
"MD_BCC",0.762910798122066,"Neuroimaging"
"MD_SCC",0.762910798122066,"Neuroimaging"
"MD_FX",0.762910798122066,"Neuroimaging"
"MD_CST_R",0.762910798122066,"Neuroimaging"
"MD_CST_L",0.762910798122066,"Neuroimaging"
"MD_ML_R",0.762910798122066,"Neuroimaging"
"MD_ML_L",0.762910798122066,"Neuroimaging"
"MD_ICP_R",0.762910798122066,"Neuroimaging"
"MD_ICP_L",0.762910798122066,"Neuroimaging"
"MD_SCP_R",0.762910798122066,"Neuroimaging"
"MD_SCP_L",0.762910798122066,"Neuroimaging"
"MD_CP_R",0.762910798122066,"Neuroimaging"
"MD_CP_L",0.762910798122066,"Neuroimaging"
"MD_ALIC_R",0.762910798122066,"Neuroimaging"
"MD_ALIC_L",0.762910798122066,"Neuroimaging"
"MD_PLIC_R",0.762910798122066,"Neuroimaging"
"MD_PLIC_L",0.762910798122066,"Neuroimaging"
"MD_RLIC_R",0.762910798122066,"Neuroimaging"
"MD_RLIC_L",0.762910798122066,"Neuroimaging"
"MD_ACR_R",0.762910798122066,"Neuroimaging"
"MD_ACR_L",0.762910798122066,"Neuroimaging"
"MD_SCR_R",0.762910798122066,"Neuroimaging"
"MD_SCR_L",0.762910798122066,"Neuroimaging"
"MD_PCR_R",0.762910798122066,"Neuroimaging"
"MD_PCR_L",0.762910798122066,"Neuroimaging"
"MD_PTR_R",0.762910798122066,"Neuroimaging"
"MD_PTR_L",0.762910798122066,"Neuroimaging"
"MD_SS_R",0.762910798122066,"Neuroimaging"
"MD_SS_L",0.762910798122066,"Neuroimaging"
"MD_EC_R",0.762910798122066,"Neuroimaging"
"MD_EC_L",0.762910798122066,"Neuroimaging"
"MD_CGC_R",0.762910798122066,"Neuroimaging"
"MD_CGC_L",0.762910798122066,"Neuroimaging"
"MD_CGH_R",0.762910798122066,"Neuroimaging"
"MD_CGH_L",0.762910798122066,"Neuroimaging"
"MD_FXST_R",0.762910798122066,"Neuroimaging"
"MD_FXST_L",0.762910798122066,"Neuroimaging"
"MD_SLF_R",0.762910798122066,"Neuroimaging"
"MD_SLF_L",0.762910798122066,"Neuroimaging"
"MD_SFO_R",0.762910798122066,"Neuroimaging"
"MD_SFO_L",0.762910798122066,"Neuroimaging"
"MD_UNC_R",0.762910798122066,"Neuroimaging"
"MD_UNC_L",0.762910798122066,"Neuroimaging"
"MD_TAP_R",0.762910798122066,"Neuroimaging"
"MD_TAP_L",0.762910798122066,"Neuroimaging"
"MD_CST",0.762910798122066,"Neuroimaging"
"MD_ML",0.762910798122066,"Neuroimaging"
"MD_ICP",0.762910798122066,"Neuroimaging"
"MD_SCP",0.762910798122066,"Neuroimaging"
"MD_CP",0.762910798122066,"Neuroimaging"
"MD_ALIC",0.762910798122066,"Neuroimaging"
"MD_PLIC",0.762910798122066,"Neuroimaging"
"MD_RLIC",0.762910798122066,"Neuroimaging"
"MD_ACR",0.762910798122066,"Neuroimaging"
"MD_SCR",0.762910798122066,"Neuroimaging"
"MD_PCR",0.762910798122066,"Neuroimaging"
"MD_PTR",0.762910798122066,"Neuroimaging"
"MD_SS",0.762910798122066,"Neuroimaging"
"MD_EC",0.762910798122066,"Neuroimaging"
"MD_CGC",0.762910798122066,"Neuroimaging"
"MD_CGH",0.762910798122066,"Neuroimaging"
"MD_FXST",0.762910798122066,"Neuroimaging"
"MD_SLF",0.762910798122066,"Neuroimaging"
"MD_SFO",0.762910798122066,"Neuroimaging"
"MD_UNC",0.762910798122066,"Neuroimaging"
"MD_TAP",0.762910798122066,"Neuroimaging"
"MD_IC",0.762910798122066,"Neuroimaging"
"MD_CC",0.762910798122066,"Neuroimaging"
"MD_CR",0.762910798122066,"Neuroimaging"
"MD_FULLWM",0.762910798122066,"Neuroimaging"
"RD_MCP",0.762910798122066,"Neuroimaging"
"RD_PCT",0.762910798122066,"Neuroimaging"
"RD_GCC",0.762910798122066,"Neuroimaging"
"RD_BCC",0.762910798122066,"Neuroimaging"
"RD_SCC",0.762910798122066,"Neuroimaging"
"RD_FX",0.762910798122066,"Neuroimaging"
"RD_CST_R",0.762910798122066,"Neuroimaging"
"RD_CST_L",0.762910798122066,"Neuroimaging"
"RD_ML_R",0.762910798122066,"Neuroimaging"
"RD_ML_L",0.762910798122066,"Neuroimaging"
"RD_ICP_R",0.762910798122066,"Neuroimaging"
"RD_ICP_L",0.762910798122066,"Neuroimaging"
"RD_SCP_R",0.762910798122066,"Neuroimaging"
"RD_SCP_L",0.762910798122066,"Neuroimaging"
"RD_CP_R",0.762910798122066,"Neuroimaging"
"RD_CP_L",0.762910798122066,"Neuroimaging"
"RD_ALIC_R",0.762910798122066,"Neuroimaging"
"RD_ALIC_L",0.762910798122066,"Neuroimaging"
"RD_PLIC_R",0.762910798122066,"Neuroimaging"
"RD_PLIC_L",0.762910798122066,"Neuroimaging"
"RD_RLIC_R",0.762910798122066,"Neuroimaging"
"RD_RLIC_L",0.762910798122066,"Neuroimaging"
"RD_ACR_R",0.762910798122066,"Neuroimaging"
"RD_ACR_L",0.762910798122066,"Neuroimaging"
"RD_SCR_R",0.762910798122066,"Neuroimaging"
"RD_SCR_L",0.762910798122066,"Neuroimaging"
"RD_PCR_R",0.762910798122066,"Neuroimaging"
"RD_PCR_L",0.762910798122066,"Neuroimaging"
"RD_PTR_R",0.762910798122066,"Neuroimaging"
"RD_PTR_L",0.762910798122066,"Neuroimaging"
"RD_SS_R",0.762910798122066,"Neuroimaging"
"RD_SS_L",0.762910798122066,"Neuroimaging"
"RD_EC_R",0.762910798122066,"Neuroimaging"
"RD_EC_L",0.762910798122066,"Neuroimaging"
"RD_CGC_R",0.762910798122066,"Neuroimaging"
"RD_CGC_L",0.762910798122066,"Neuroimaging"
"RD_CGH_R",0.762910798122066,"Neuroimaging"
"RD_CGH_L",0.762910798122066,"Neuroimaging"
"RD_FXST_R",0.762910798122066,"Neuroimaging"
"RD_FXST_L",0.762910798122066,"Neuroimaging"
"RD_SLF_R",0.762910798122066,"Neuroimaging"
"RD_SLF_L",0.762910798122066,"Neuroimaging"
"RD_SFO_R",0.762910798122066,"Neuroimaging"
"RD_SFO_L",0.762910798122066,"Neuroimaging"
"RD_UNC_R",0.762910798122066,"Neuroimaging"
"RD_UNC_L",0.762910798122066,"Neuroimaging"
"RD_TAP_R",0.762910798122066,"Neuroimaging"
"RD_TAP_L",0.762910798122066,"Neuroimaging"
"RD_CST",0.762910798122066,"Neuroimaging"
"RD_ML",0.762910798122066,"Neuroimaging"
"RD_ICP",0.762910798122066,"Neuroimaging"
"RD_SCP",0.762910798122066,"Neuroimaging"
"RD_CP",0.762910798122066,"Neuroimaging"
"RD_ALIC",0.762910798122066,"Neuroimaging"
"RD_PLIC",0.762910798122066,"Neuroimaging"
"RD_RLIC",0.762910798122066,"Neuroimaging"
"RD_ACR",0.762910798122066,"Neuroimaging"
"RD_SCR",0.762910798122066,"Neuroimaging"
"RD_PCR",0.762910798122066,"Neuroimaging"
"RD_PTR",0.762910798122066,"Neuroimaging"
"RD_SS",0.762910798122066,"Neuroimaging"
"RD_EC",0.762910798122066,"Neuroimaging"
"RD_CGC",0.762910798122066,"Neuroimaging"
"RD_CGH",0.762910798122066,"Neuroimaging"
"RD_FXST",0.762910798122066,"Neuroimaging"
"RD_SLF",0.762910798122066,"Neuroimaging"
"RD_SFO",0.762910798122066,"Neuroimaging"
"RD_UNC",0.762910798122066,"Neuroimaging"
"RD_TAP",0.762910798122066,"Neuroimaging"
"RD_IC",0.762910798122066,"Neuroimaging"
"RD_CC",0.762910798122066,"Neuroimaging"
"RD_CR",0.762910798122066,"Neuroimaging"
"RD_FULLWM",0.762910798122066,"Neuroimaging"
"VERSION.asl",0.818075117370892,"Other Metadata"
"LONIUID.asl",0.818075117370892,"Other Metadata"
"IMAGEUID.asl",0.818075117370892,"Other Metadata"
"RAWQC",0.818075117370892,"Neuroimaging"
"ST1MIN",0.818075117370892,"Neuroimaging"
"ST1MAX",0.818075117370892,"Neuroimaging"
"ST1MD",0.818075117370892,"Neuroimaging"
"ST1AVG",0.818075117370892,"Neuroimaging"
"ST1SD",0.818075117370892,"Neuroimaging"
"ST1CT",0.818075117370892,"Neuroimaging"
"ST2MIN",0.818075117370892,"Neuroimaging"
"ST2MAX",0.818075117370892,"Neuroimaging"
"ST2MD",0.818075117370892,"Neuroimaging"
"ST2AVG",0.818075117370892,"Neuroimaging"
"ST2SD",0.818075117370892,"Neuroimaging"
"ST2CT",0.818075117370892,"Neuroimaging"
"ST3MIN",0.818075117370892,"Neuroimaging"
"ST3MAX",0.818075117370892,"Neuroimaging"
"ST3MD",0.818075117370892,"Neuroimaging"
"ST3AVG",0.818075117370892,"Neuroimaging"
"ST3SD",0.818075117370892,"Neuroimaging"
"ST3CT",0.818075117370892,"Neuroimaging"
"ST4MIN",0.818075117370892,"Neuroimaging"
"ST4MAX",0.818075117370892,"Neuroimaging"
"ST4MD",0.818075117370892,"Neuroimaging"
"ST4AVG",0.818075117370892,"Neuroimaging"
"ST4SD",0.818075117370892,"Neuroimaging"
"ST4CT",0.818075117370892,"Neuroimaging"
"ST5MIN",0.818075117370892,"Neuroimaging"
"ST5MAX",0.818075117370892,"Neuroimaging"
"ST5MD",0.818075117370892,"Neuroimaging"
"ST5AVG",0.818075117370892,"Neuroimaging"
"ST5SD",0.818075117370892,"Neuroimaging"
"ST5CT",0.818075117370892,"Neuroimaging"
"ST6MIN",0.818075117370892,"Neuroimaging"
"ST6MAX",0.818075117370892,"Neuroimaging"
"ST6MD",0.818075117370892,"Neuroimaging"
"ST6AVG",0.818075117370892,"Neuroimaging"
"ST6SD",0.818075117370892,"Neuroimaging"
"ST6CT",0.818075117370892,"Neuroimaging"
"ST7MIN",0.818075117370892,"Neuroimaging"
"ST7MAX",0.818075117370892,"Neuroimaging"
"ST7MD",0.818075117370892,"Neuroimaging"
"ST7AVG",0.818075117370892,"Neuroimaging"
"ST7SD",0.818075117370892,"Neuroimaging"
"ST7CT",0.818075117370892,"Neuroimaging"
"ST8MIN",0.904929577464789,"Neuroimaging"
"ST8MAX",0.904929577464789,"Neuroimaging"
"ST8MD",0.904929577464789,"Neuroimaging"
"ST8AVG",0.904929577464789,"Neuroimaging"
"ST8SD",0.904929577464789,"Neuroimaging"
"ST8CT",0.904929577464789,"Neuroimaging"
"ST9MIN",0.826291079812207,"Neuroimaging"
"ST9MAX",0.826291079812207,"Neuroimaging"
"ST9MD",0.826291079812207,"Neuroimaging"
"ST9AVG",0.826291079812207,"Neuroimaging"
"ST9SD",0.826291079812207,"Neuroimaging"
"ST9CT",0.826291079812207,"Neuroimaging"
"ST11MIN",0.818075117370892,"Neuroimaging"
"ST11MAX",0.818075117370892,"Neuroimaging"
"ST11MD",0.818075117370892,"Neuroimaging"
"ST11AVG",0.818075117370892,"Neuroimaging"
"ST11SD",0.818075117370892,"Neuroimaging"
"ST11CT",0.818075117370892,"Neuroimaging"
"ST12MIN",0.818075117370892,"Neuroimaging"
"ST12MAX",0.818075117370892,"Neuroimaging"
"ST12MD",0.818075117370892,"Neuroimaging"
"ST12AVG",0.818075117370892,"Neuroimaging"
"ST12SD",0.818075117370892,"Neuroimaging"
"ST12CT",0.818075117370892,"Neuroimaging"
"ST13MIN",0.818075117370892,"Neuroimaging"
"ST13MAX",0.818075117370892,"Neuroimaging"
"ST13MD",0.818075117370892,"Neuroimaging"
"ST13AVG",0.818075117370892,"Neuroimaging"
"ST13SD",0.818075117370892,"Neuroimaging"
"ST13CT",0.818075117370892,"Neuroimaging"
"ST14MIN",0.818075117370892,"Neuroimaging"
"ST14MAX",0.818075117370892,"Neuroimaging"
"ST14MD",0.818075117370892,"Neuroimaging"
"ST14AVG",0.818075117370892,"Neuroimaging"
"ST14SD",0.818075117370892,"Neuroimaging"
"ST14CT",0.818075117370892,"Neuroimaging"
"ST15MIN",0.826291079812207,"Neuroimaging"
"ST15MAX",0.826291079812207,"Neuroimaging"
"ST15MD",0.826291079812207,"Neuroimaging"
"ST15AVG",0.826291079812207,"Neuroimaging"
"ST15SD",0.826291079812207,"Neuroimaging"
"ST15CT",0.826291079812207,"Neuroimaging"
"ST16MIN",0.821596244131455,"Neuroimaging"
"ST16MAX",0.821596244131455,"Neuroimaging"
"ST16MD",0.821596244131455,"Neuroimaging"
"ST16AVG",0.821596244131455,"Neuroimaging"
"ST16SD",0.821596244131455,"Neuroimaging"
"ST16CT",0.821596244131455,"Neuroimaging"
"ST17MIN",0.818075117370892,"Neuroimaging"
"ST17MAX",0.818075117370892,"Neuroimaging"
"ST17MD",0.818075117370892,"Neuroimaging"
"ST17AVG",0.818075117370892,"Neuroimaging"
"ST17SD",0.818075117370892,"Neuroimaging"
"ST17CT",0.818075117370892,"Neuroimaging"
"ST18MIN",0.818075117370892,"Neuroimaging"
"ST18MAX",0.818075117370892,"Neuroimaging"
"ST18MD",0.818075117370892,"Neuroimaging"
"ST18AVG",0.818075117370892,"Neuroimaging"
"ST18SD",0.818075117370892,"Neuroimaging"
"ST18CT",0.818075117370892,"Neuroimaging"
"ST20MIN",0.826291079812207,"Neuroimaging"
"ST20MAX",0.826291079812207,"Neuroimaging"
"ST20MD",0.826291079812207,"Neuroimaging"
"ST20AVG",0.826291079812207,"Neuroimaging"
"ST20SD",0.826291079812207,"Neuroimaging"
"ST20CT",0.826291079812207,"Neuroimaging"
"ST21MIN",0.826291079812207,"Neuroimaging"
"ST21MAX",0.826291079812207,"Neuroimaging"
"ST21MD",0.826291079812207,"Neuroimaging"
"ST21AVG",0.826291079812207,"Neuroimaging"
"ST21SD",0.826291079812207,"Neuroimaging"
"ST21CT",0.826291079812207,"Neuroimaging"
"ST23MIN",0.820422535211268,"Neuroimaging"
"ST23MAX",0.820422535211268,"Neuroimaging"
"ST23MD",0.820422535211268,"Neuroimaging"
"ST23AVG",0.820422535211268,"Neuroimaging"
"ST23SD",0.820422535211268,"Neuroimaging"
"ST23CT",0.820422535211268,"Neuroimaging"
"ST24MIN",0.818075117370892,"Neuroimaging"
"ST24MAX",0.818075117370892,"Neuroimaging"
"ST24MD",0.818075117370892,"Neuroimaging"
"ST24AVG",0.818075117370892,"Neuroimaging"
"ST24SD",0.818075117370892,"Neuroimaging"
"ST24CT",0.818075117370892,"Neuroimaging"
"ST25MIN",0.826291079812207,"Neuroimaging"
"ST25MAX",0.826291079812207,"Neuroimaging"
"ST25MD",0.826291079812207,"Neuroimaging"
"ST25AVG",0.826291079812207,"Neuroimaging"
"ST25SD",0.826291079812207,"Neuroimaging"
"ST25CT",0.826291079812207,"Neuroimaging"
"ST26MIN",0.830985915492958,"Neuroimaging"
"ST26MAX",0.830985915492958,"Neuroimaging"
"ST26MD",0.830985915492958,"Neuroimaging"
"ST26AVG",0.830985915492958,"Neuroimaging"
"ST26SD",0.830985915492958,"Neuroimaging"
"ST26CT",0.830985915492958,"Neuroimaging"
"ST29MIN",0.818075117370892,"Neuroimaging"
"ST29MAX",0.818075117370892,"Neuroimaging"
"ST29MD",0.818075117370892,"Neuroimaging"
"ST29AVG",0.818075117370892,"Neuroimaging"
"ST29SD",0.818075117370892,"Neuroimaging"
"ST29CT",0.818075117370892,"Neuroimaging"
"ST30MIN",0.826291079812207,"Neuroimaging"
"ST30MAX",0.826291079812207,"Neuroimaging"
"ST30MD",0.826291079812207,"Neuroimaging"
"ST30AVG",0.826291079812207,"Neuroimaging"
"ST30SD",0.826291079812207,"Neuroimaging"
"ST30CT",0.826291079812207,"Neuroimaging"
"ST31MIN",0.818075117370892,"Neuroimaging"
"ST31MAX",0.818075117370892,"Neuroimaging"
"ST31MD",0.818075117370892,"Neuroimaging"
"ST31AVG",0.818075117370892,"Neuroimaging"
"ST31SD",0.818075117370892,"Neuroimaging"
"ST31CT",0.818075117370892,"Neuroimaging"
"ST32MIN",0.830985915492958,"Neuroimaging"
"ST32MAX",0.830985915492958,"Neuroimaging"
"ST32MD",0.830985915492958,"Neuroimaging"
"ST32AVG",0.830985915492958,"Neuroimaging"
"ST32SD",0.830985915492958,"Neuroimaging"
"ST32CT",0.830985915492958,"Neuroimaging"
"ST34MIN",0.818075117370892,"Neuroimaging"
"ST34MAX",0.818075117370892,"Neuroimaging"
"ST34MD",0.818075117370892,"Neuroimaging"
"ST34AVG",0.818075117370892,"Neuroimaging"
"ST34SD",0.818075117370892,"Neuroimaging"
"ST34CT",0.818075117370892,"Neuroimaging"
"ST35MIN",0.820422535211268,"Neuroimaging"
"ST35MAX",0.820422535211268,"Neuroimaging"
"ST35MD",0.820422535211268,"Neuroimaging"
"ST35AVG",0.820422535211268,"Neuroimaging"
"ST35SD",0.820422535211268,"Neuroimaging"
"ST35CT",0.820422535211268,"Neuroimaging"
"ST36MIN",0.818075117370892,"Neuroimaging"
"ST36MAX",0.818075117370892,"Neuroimaging"
"ST36MD",0.818075117370892,"Neuroimaging"
"ST36AVG",0.818075117370892,"Neuroimaging"
"ST36SD",0.818075117370892,"Neuroimaging"
"ST36CT",0.818075117370892,"Neuroimaging"
"ST37MIN",0.826291079812207,"Neuroimaging"
"ST37MAX",0.826291079812207,"Neuroimaging"
"ST37MD",0.826291079812207,"Neuroimaging"
"ST37AVG",0.826291079812207,"Neuroimaging"
"ST37SD",0.826291079812207,"Neuroimaging"
"ST37CT",0.826291079812207,"Neuroimaging"
"ST38MIN",0.820422535211268,"Neuroimaging"
"ST38MAX",0.820422535211268,"Neuroimaging"
"ST38MD",0.820422535211268,"Neuroimaging"
"ST38AVG",0.820422535211268,"Neuroimaging"
"ST38SD",0.820422535211268,"Neuroimaging"
"ST38CT",0.820422535211268,"Neuroimaging"
"ST39MIN",0.826291079812207,"Neuroimaging"
"ST39MAX",0.826291079812207,"Neuroimaging"
"ST39MD",0.826291079812207,"Neuroimaging"
"ST39AVG",0.826291079812207,"Neuroimaging"
"ST39SD",0.826291079812207,"Neuroimaging"
"ST39CT",0.826291079812207,"Neuroimaging"
"ST40MIN",0.830985915492958,"Neuroimaging"
"ST40MAX",0.830985915492958,"Neuroimaging"
"ST40MD",0.830985915492958,"Neuroimaging"
"ST40AVG",0.830985915492958,"Neuroimaging"
"ST40SD",0.830985915492958,"Neuroimaging"
"ST40CT",0.830985915492958,"Neuroimaging"
"ST42MIN",0.821596244131455,"Neuroimaging"
"ST42MAX",0.821596244131455,"Neuroimaging"
"ST42MD",0.821596244131455,"Neuroimaging"
"ST42AVG",0.821596244131455,"Neuroimaging"
"ST42SD",0.821596244131455,"Neuroimaging"
"ST42CT",0.821596244131455,"Neuroimaging"
"ST43MIN",0.818075117370892,"Neuroimaging"
"ST43MAX",0.818075117370892,"Neuroimaging"
"ST43MD",0.818075117370892,"Neuroimaging"
"ST43AVG",0.818075117370892,"Neuroimaging"
"ST43SD",0.818075117370892,"Neuroimaging"
"ST43CT",0.818075117370892,"Neuroimaging"
"ST44MIN",0.818075117370892,"Neuroimaging"
"ST44MAX",0.818075117370892,"Neuroimaging"
"ST44MD",0.818075117370892,"Neuroimaging"
"ST44AVG",0.818075117370892,"Neuroimaging"
"ST44SD",0.818075117370892,"Neuroimaging"
"ST44CT",0.818075117370892,"Neuroimaging"
"ST45MIN",0.818075117370892,"Neuroimaging"
"ST45MAX",0.818075117370892,"Neuroimaging"
"ST45MD",0.818075117370892,"Neuroimaging"
"ST45AVG",0.818075117370892,"Neuroimaging"
"ST45SD",0.818075117370892,"Neuroimaging"
"ST45CT",0.818075117370892,"Neuroimaging"
"ST46MIN",0.818075117370892,"Neuroimaging"
"ST46MAX",0.818075117370892,"Neuroimaging"
"ST46MD",0.818075117370892,"Neuroimaging"
"ST46AVG",0.818075117370892,"Neuroimaging"
"ST46SD",0.818075117370892,"Neuroimaging"
"ST46CT",0.818075117370892,"Neuroimaging"
"ST47MIN",0.818075117370892,"Neuroimaging"
"ST47MAX",0.818075117370892,"Neuroimaging"
"ST47MD",0.818075117370892,"Neuroimaging"
"ST47AVG",0.818075117370892,"Neuroimaging"
"ST47SD",0.818075117370892,"Neuroimaging"
"ST47CT",0.818075117370892,"Neuroimaging"
"ST48MIN",0.820422535211268,"Neuroimaging"
"ST48MAX",0.820422535211268,"Neuroimaging"
"ST48MD",0.820422535211268,"Neuroimaging"
"ST48AVG",0.820422535211268,"Neuroimaging"
"ST48SD",0.820422535211268,"Neuroimaging"
"ST48CT",0.820422535211268,"Neuroimaging"
"ST49MIN",0.818075117370892,"Neuroimaging"
"ST49MAX",0.818075117370892,"Neuroimaging"
"ST49MD",0.818075117370892,"Neuroimaging"
"ST49AVG",0.818075117370892,"Neuroimaging"
"ST49SD",0.818075117370892,"Neuroimaging"
"ST49CT",0.818075117370892,"Neuroimaging"
"ST50MIN",0.818075117370892,"Neuroimaging"
"ST50MAX",0.818075117370892,"Neuroimaging"
"ST50MD",0.818075117370892,"Neuroimaging"
"ST50AVG",0.818075117370892,"Neuroimaging"
"ST50SD",0.818075117370892,"Neuroimaging"
"ST50CT",0.818075117370892,"Neuroimaging"
"ST51MIN",0.826291079812207,"Neuroimaging"
"ST51MAX",0.826291079812207,"Neuroimaging"
"ST51MD",0.826291079812207,"Neuroimaging"
"ST51AVG",0.826291079812207,"Neuroimaging"
"ST51SD",0.826291079812207,"Neuroimaging"
"ST51CT",0.826291079812207,"Neuroimaging"
"ST52MIN",0.818075117370892,"Neuroimaging"
"ST52MAX",0.818075117370892,"Neuroimaging"
"ST52MD",0.818075117370892,"Neuroimaging"
"ST52AVG",0.818075117370892,"Neuroimaging"
"ST52SD",0.818075117370892,"Neuroimaging"
"ST52CT",0.818075117370892,"Neuroimaging"
"ST53MIN",0.821596244131455,"Neuroimaging"
"ST53MAX",0.821596244131455,"Neuroimaging"
"ST53MD",0.821596244131455,"Neuroimaging"
"ST53AVG",0.821596244131455,"Neuroimaging"
"ST53SD",0.821596244131455,"Neuroimaging"
"ST53CT",0.821596244131455,"Neuroimaging"
"ST54MIN",0.818075117370892,"Neuroimaging"
"ST54MAX",0.818075117370892,"Neuroimaging"
"ST54MD",0.818075117370892,"Neuroimaging"
"ST54AVG",0.818075117370892,"Neuroimaging"
"ST54SD",0.818075117370892,"Neuroimaging"
"ST54CT",0.818075117370892,"Neuroimaging"
"ST55MIN",0.826291079812207,"Neuroimaging"
"ST55MAX",0.826291079812207,"Neuroimaging"
"ST55MD",0.826291079812207,"Neuroimaging"
"ST55AVG",0.826291079812207,"Neuroimaging"
"ST55SD",0.826291079812207,"Neuroimaging"
"ST55CT",0.826291079812207,"Neuroimaging"
"ST56MIN",0.826291079812207,"Neuroimaging"
"ST56MAX",0.826291079812207,"Neuroimaging"
"ST56MD",0.826291079812207,"Neuroimaging"
"ST56AVG",0.826291079812207,"Neuroimaging"
"ST56SD",0.826291079812207,"Neuroimaging"
"ST56CT",0.826291079812207,"Neuroimaging"
"ST57MIN",0.818075117370892,"Neuroimaging"
"ST57MAX",0.818075117370892,"Neuroimaging"
"ST57MD",0.818075117370892,"Neuroimaging"
"ST57AVG",0.818075117370892,"Neuroimaging"
"ST57SD",0.818075117370892,"Neuroimaging"
"ST57CT",0.818075117370892,"Neuroimaging"
"ST58MIN",0.830985915492958,"Neuroimaging"
"ST58MAX",0.830985915492958,"Neuroimaging"
"ST58MD",0.830985915492958,"Neuroimaging"
"ST58AVG",0.830985915492958,"Neuroimaging"
"ST58SD",0.830985915492958,"Neuroimaging"
"ST58CT",0.830985915492958,"Neuroimaging"
"ST59MIN",0.818075117370892,"Neuroimaging"
"ST59MAX",0.818075117370892,"Neuroimaging"
"ST59MD",0.818075117370892,"Neuroimaging"
"ST59AVG",0.818075117370892,"Neuroimaging"
"ST59SD",0.818075117370892,"Neuroimaging"
"ST59CT",0.818075117370892,"Neuroimaging"
"ST60MIN",0.830985915492958,"Neuroimaging"
"ST60MAX",0.830985915492958,"Neuroimaging"
"ST60MD",0.830985915492958,"Neuroimaging"
"ST60AVG",0.830985915492958,"Neuroimaging"
"ST60SD",0.830985915492958,"Neuroimaging"
"ST60CT",0.830985915492958,"Neuroimaging"
"ST61MIN",0.818075117370892,"Neuroimaging"
"ST61MAX",0.818075117370892,"Neuroimaging"
"ST61MD",0.818075117370892,"Neuroimaging"
"ST61AVG",0.818075117370892,"Neuroimaging"
"ST61SD",0.818075117370892,"Neuroimaging"
"ST61CT",0.818075117370892,"Neuroimaging"
"ST62MIN",0.818075117370892,"Neuroimaging"
"ST62MAX",0.818075117370892,"Neuroimaging"
"ST62MD",0.818075117370892,"Neuroimaging"
"ST62AVG",0.818075117370892,"Neuroimaging"
"ST62SD",0.818075117370892,"Neuroimaging"
"ST62CT",0.818075117370892,"Neuroimaging"
"ST64MIN",0.818075117370892,"Neuroimaging"
"ST64MAX",0.818075117370892,"Neuroimaging"
"ST64MD",0.818075117370892,"Neuroimaging"
"ST64AVG",0.818075117370892,"Neuroimaging"
"ST64SD",0.818075117370892,"Neuroimaging"
"ST64CT",0.818075117370892,"Neuroimaging"
"ST65MIN",0.818075117370892,"Neuroimaging"
"ST65MAX",0.818075117370892,"Neuroimaging"
"ST65MD",0.818075117370892,"Neuroimaging"
"ST65AVG",0.818075117370892,"Neuroimaging"
"ST65SD",0.818075117370892,"Neuroimaging"
"ST65CT",0.818075117370892,"Neuroimaging"
"ST66MIN",0.818075117370892,"Neuroimaging"
"ST66MAX",0.818075117370892,"Neuroimaging"
"ST66MD",0.818075117370892,"Neuroimaging"
"ST66AVG",0.818075117370892,"Neuroimaging"
"ST66SD",0.818075117370892,"Neuroimaging"
"ST66CT",0.818075117370892,"Neuroimaging"
"ST68MIN",0.818075117370892,"Neuroimaging"
"ST68MAX",0.818075117370892,"Neuroimaging"
"ST68MD",0.818075117370892,"Neuroimaging"
"ST68AVG",0.818075117370892,"Neuroimaging"
"ST68SD",0.818075117370892,"Neuroimaging"
"ST68CT",0.818075117370892,"Neuroimaging"
"ST69MIN",0.818075117370892,"Neuroimaging"
"ST69MAX",0.818075117370892,"Neuroimaging"
"ST69MD",0.818075117370892,"Neuroimaging"
"ST69AVG",0.818075117370892,"Neuroimaging"
"ST69SD",0.818075117370892,"Neuroimaging"
"ST69CT",0.818075117370892,"Neuroimaging"
"ST70MIN",0.818075117370892,"Neuroimaging"
"ST70MAX",0.818075117370892,"Neuroimaging"
"ST70MD",0.818075117370892,"Neuroimaging"
"ST70AVG",0.818075117370892,"Neuroimaging"
"ST70SD",0.818075117370892,"Neuroimaging"
"ST70CT",0.818075117370892,"Neuroimaging"
"ST71MIN",0.818075117370892,"Neuroimaging"
"ST71MAX",0.818075117370892,"Neuroimaging"
"ST71MD",0.818075117370892,"Neuroimaging"
"ST71AVG",0.818075117370892,"Neuroimaging"
"ST71SD",0.818075117370892,"Neuroimaging"
"ST71CT",0.818075117370892,"Neuroimaging"
"ST72MIN",0.818075117370892,"Neuroimaging"
"ST72MAX",0.818075117370892,"Neuroimaging"
"ST72MD",0.818075117370892,"Neuroimaging"
"ST72AVG",0.818075117370892,"Neuroimaging"
"ST72SD",0.818075117370892,"Neuroimaging"
"ST72CT",0.818075117370892,"Neuroimaging"
"ST73MIN",0.818075117370892,"Neuroimaging"
"ST73MAX",0.818075117370892,"Neuroimaging"
"ST73MD",0.818075117370892,"Neuroimaging"
"ST73AVG",0.818075117370892,"Neuroimaging"
"ST73SD",0.818075117370892,"Neuroimaging"
"ST73CT",0.818075117370892,"Neuroimaging"
"ST74MIN",0.826291079812207,"Neuroimaging"
"ST74MAX",0.826291079812207,"Neuroimaging"
"ST74MD",0.826291079812207,"Neuroimaging"
"ST74AVG",0.826291079812207,"Neuroimaging"
"ST74SD",0.826291079812207,"Neuroimaging"
"ST74CT",0.826291079812207,"Neuroimaging"
"ST75MIN",0.821596244131455,"Neuroimaging"
"ST75MAX",0.821596244131455,"Neuroimaging"
"ST75MD",0.821596244131455,"Neuroimaging"
"ST75AVG",0.821596244131455,"Neuroimaging"
"ST75SD",0.821596244131455,"Neuroimaging"
"ST75CT",0.821596244131455,"Neuroimaging"
"ST76MIN",0.818075117370892,"Neuroimaging"
"ST76MAX",0.818075117370892,"Neuroimaging"
"ST76MD",0.818075117370892,"Neuroimaging"
"ST76AVG",0.818075117370892,"Neuroimaging"
"ST76SD",0.818075117370892,"Neuroimaging"
"ST76CT",0.818075117370892,"Neuroimaging"
"ST77MIN",0.818075117370892,"Neuroimaging"
"ST77MAX",0.818075117370892,"Neuroimaging"
"ST77MD",0.818075117370892,"Neuroimaging"
"ST77AVG",0.818075117370892,"Neuroimaging"
"ST77SD",0.818075117370892,"Neuroimaging"
"ST77CT",0.818075117370892,"Neuroimaging"
"ST79MIN",0.826291079812207,"Neuroimaging"
"ST79MAX",0.826291079812207,"Neuroimaging"
"ST79MD",0.826291079812207,"Neuroimaging"
"ST79AVG",0.826291079812207,"Neuroimaging"
"ST79SD",0.826291079812207,"Neuroimaging"
"ST79CT",0.826291079812207,"Neuroimaging"
"ST80MIN",0.826291079812207,"Neuroimaging"
"ST80MAX",0.826291079812207,"Neuroimaging"
"ST80MD",0.826291079812207,"Neuroimaging"
"ST80AVG",0.826291079812207,"Neuroimaging"
"ST80SD",0.826291079812207,"Neuroimaging"
"ST80CT",0.826291079812207,"Neuroimaging"
"ST82MIN",0.820422535211268,"Neuroimaging"
"ST82MAX",0.820422535211268,"Neuroimaging"
"ST82MD",0.820422535211268,"Neuroimaging"
"ST82AVG",0.820422535211268,"Neuroimaging"
"ST82SD",0.820422535211268,"Neuroimaging"
"ST82CT",0.820422535211268,"Neuroimaging"
"ST83MIN",0.818075117370892,"Neuroimaging"
"ST83MAX",0.818075117370892,"Neuroimaging"
"ST83MD",0.818075117370892,"Neuroimaging"
"ST83AVG",0.818075117370892,"Neuroimaging"
"ST83SD",0.818075117370892,"Neuroimaging"
"ST83CT",0.818075117370892,"Neuroimaging"
"ST84MIN",0.826291079812207,"Neuroimaging"
"ST84MAX",0.826291079812207,"Neuroimaging"
"ST84MD",0.826291079812207,"Neuroimaging"
"ST84AVG",0.826291079812207,"Neuroimaging"
"ST84SD",0.826291079812207,"Neuroimaging"
"ST84CT",0.826291079812207,"Neuroimaging"
"ST85MIN",0.830985915492958,"Neuroimaging"
"ST85MAX",0.830985915492958,"Neuroimaging"
"ST85MD",0.830985915492958,"Neuroimaging"
"ST85AVG",0.830985915492958,"Neuroimaging"
"ST85SD",0.830985915492958,"Neuroimaging"
"ST85CT",0.830985915492958,"Neuroimaging"
"ST88MIN",0.818075117370892,"Neuroimaging"
"ST88MAX",0.818075117370892,"Neuroimaging"
"ST88MD",0.818075117370892,"Neuroimaging"
"ST88AVG",0.818075117370892,"Neuroimaging"
"ST88SD",0.818075117370892,"Neuroimaging"
"ST88CT",0.818075117370892,"Neuroimaging"
"ST89MIN",0.826291079812207,"Neuroimaging"
"ST89MAX",0.826291079812207,"Neuroimaging"
"ST89MD",0.826291079812207,"Neuroimaging"
"ST89AVG",0.826291079812207,"Neuroimaging"
"ST89SD",0.826291079812207,"Neuroimaging"
"ST89CT",0.826291079812207,"Neuroimaging"
"ST90MIN",0.818075117370892,"Neuroimaging"
"ST90MAX",0.818075117370892,"Neuroimaging"
"ST90MD",0.818075117370892,"Neuroimaging"
"ST90AVG",0.818075117370892,"Neuroimaging"
"ST90SD",0.818075117370892,"Neuroimaging"
"ST90CT",0.818075117370892,"Neuroimaging"
"ST91MIN",0.830985915492958,"Neuroimaging"
"ST91MAX",0.830985915492958,"Neuroimaging"
"ST91MD",0.830985915492958,"Neuroimaging"
"ST91AVG",0.830985915492958,"Neuroimaging"
"ST91SD",0.830985915492958,"Neuroimaging"
"ST91CT",0.830985915492958,"Neuroimaging"
"ST93MIN",0.818075117370892,"Neuroimaging"
"ST93MAX",0.818075117370892,"Neuroimaging"
"ST93MD",0.818075117370892,"Neuroimaging"
"ST93AVG",0.818075117370892,"Neuroimaging"
"ST93SD",0.818075117370892,"Neuroimaging"
"ST93CT",0.818075117370892,"Neuroimaging"
"ST94MIN",0.820422535211268,"Neuroimaging"
"ST94MAX",0.820422535211268,"Neuroimaging"
"ST94MD",0.820422535211268,"Neuroimaging"
"ST94AVG",0.820422535211268,"Neuroimaging"
"ST94SD",0.820422535211268,"Neuroimaging"
"ST94CT",0.820422535211268,"Neuroimaging"
"ST95MIN",0.818075117370892,"Neuroimaging"
"ST95MAX",0.818075117370892,"Neuroimaging"
"ST95MD",0.818075117370892,"Neuroimaging"
"ST95AVG",0.818075117370892,"Neuroimaging"
"ST95SD",0.818075117370892,"Neuroimaging"
"ST95CT",0.818075117370892,"Neuroimaging"
"ST96MIN",0.826291079812207,"Neuroimaging"
"ST96MAX",0.826291079812207,"Neuroimaging"
"ST96MD",0.826291079812207,"Neuroimaging"
"ST96AVG",0.826291079812207,"Neuroimaging"
"ST96SD",0.826291079812207,"Neuroimaging"
"ST96CT",0.826291079812207,"Neuroimaging"
"ST97MIN",0.820422535211268,"Neuroimaging"
"ST97MAX",0.820422535211268,"Neuroimaging"
"ST97MD",0.820422535211268,"Neuroimaging"
"ST97AVG",0.820422535211268,"Neuroimaging"
"ST97SD",0.820422535211268,"Neuroimaging"
"ST97CT",0.820422535211268,"Neuroimaging"
"ST98MIN",0.826291079812207,"Neuroimaging"
"ST98MAX",0.826291079812207,"Neuroimaging"
"ST98MD",0.826291079812207,"Neuroimaging"
"ST98AVG",0.826291079812207,"Neuroimaging"
"ST98SD",0.826291079812207,"Neuroimaging"
"ST98CT",0.826291079812207,"Neuroimaging"
"ST99MIN",0.830985915492958,"Neuroimaging"
"ST99MAX",0.830985915492958,"Neuroimaging"
"ST99MD",0.830985915492958,"Neuroimaging"
"ST99AVG",0.830985915492958,"Neuroimaging"
"ST99SD",0.830985915492958,"Neuroimaging"
"ST99CT",0.830985915492958,"Neuroimaging"
"ST101MIN",0.821596244131455,"Neuroimaging"
"ST101MAX",0.821596244131455,"Neuroimaging"
"ST101MD",0.821596244131455,"Neuroimaging"
"ST101AVG",0.821596244131455,"Neuroimaging"
"ST101SD",0.821596244131455,"Neuroimaging"
"ST101CT",0.821596244131455,"Neuroimaging"
"ST102MIN",0.818075117370892,"Neuroimaging"
"ST102MAX",0.818075117370892,"Neuroimaging"
"ST102MD",0.818075117370892,"Neuroimaging"
"ST102AVG",0.818075117370892,"Neuroimaging"
"ST102SD",0.818075117370892,"Neuroimaging"
"ST102CT",0.818075117370892,"Neuroimaging"
"ST103MIN",0.818075117370892,"Neuroimaging"
"ST103MAX",0.818075117370892,"Neuroimaging"
"ST103MD",0.818075117370892,"Neuroimaging"
"ST103AVG",0.818075117370892,"Neuroimaging"
"ST103SD",0.818075117370892,"Neuroimaging"
"ST103CT",0.818075117370892,"Neuroimaging"
"ST104MIN",0.818075117370892,"Neuroimaging"
"ST104MAX",0.818075117370892,"Neuroimaging"
"ST104MD",0.818075117370892,"Neuroimaging"
"ST104AVG",0.818075117370892,"Neuroimaging"
"ST104SD",0.818075117370892,"Neuroimaging"
"ST104CT",0.818075117370892,"Neuroimaging"
"ST105MIN",0.818075117370892,"Neuroimaging"
"ST105MAX",0.818075117370892,"Neuroimaging"
"ST105MD",0.818075117370892,"Neuroimaging"
"ST105AVG",0.818075117370892,"Neuroimaging"
"ST105SD",0.818075117370892,"Neuroimaging"
"ST105CT",0.818075117370892,"Neuroimaging"
"ST106MIN",0.818075117370892,"Neuroimaging"
"ST106MAX",0.818075117370892,"Neuroimaging"
"ST106MD",0.818075117370892,"Neuroimaging"
"ST106AVG",0.818075117370892,"Neuroimaging"
"ST106SD",0.818075117370892,"Neuroimaging"
"ST106CT",0.818075117370892,"Neuroimaging"
"ST107MIN",0.820422535211268,"Neuroimaging"
"ST107MAX",0.820422535211268,"Neuroimaging"
"ST107MD",0.820422535211268,"Neuroimaging"
"ST107AVG",0.820422535211268,"Neuroimaging"
"ST107SD",0.820422535211268,"Neuroimaging"
"ST107CT",0.820422535211268,"Neuroimaging"
"ST108MIN",0.818075117370892,"Neuroimaging"
"ST108MAX",0.818075117370892,"Neuroimaging"
"ST108MD",0.818075117370892,"Neuroimaging"
"ST108AVG",0.818075117370892,"Neuroimaging"
"ST108SD",0.818075117370892,"Neuroimaging"
"ST108CT",0.818075117370892,"Neuroimaging"
"ST109MIN",0.818075117370892,"Neuroimaging"
"ST109MAX",0.818075117370892,"Neuroimaging"
"ST109MD",0.818075117370892,"Neuroimaging"
"ST109AVG",0.818075117370892,"Neuroimaging"
"ST109SD",0.818075117370892,"Neuroimaging"
"ST109CT",0.818075117370892,"Neuroimaging"
"ST110MIN",0.826291079812207,"Neuroimaging"
"ST110MAX",0.826291079812207,"Neuroimaging"
"ST110MD",0.826291079812207,"Neuroimaging"
"ST110AVG",0.826291079812207,"Neuroimaging"
"ST110SD",0.826291079812207,"Neuroimaging"
"ST110CT",0.826291079812207,"Neuroimaging"
"ST111MIN",0.818075117370892,"Neuroimaging"
"ST111MAX",0.818075117370892,"Neuroimaging"
"ST111MD",0.818075117370892,"Neuroimaging"
"ST111AVG",0.818075117370892,"Neuroimaging"
"ST111SD",0.818075117370892,"Neuroimaging"
"ST111CT",0.818075117370892,"Neuroimaging"
"ST112MIN",0.821596244131455,"Neuroimaging"
"ST112MAX",0.821596244131455,"Neuroimaging"
"ST112MD",0.821596244131455,"Neuroimaging"
"ST112AVG",0.821596244131455,"Neuroimaging"
"ST112SD",0.821596244131455,"Neuroimaging"
"ST112CT",0.821596244131455,"Neuroimaging"
"ST113MIN",0.818075117370892,"Neuroimaging"
"ST113MAX",0.818075117370892,"Neuroimaging"
"ST113MD",0.818075117370892,"Neuroimaging"
"ST113AVG",0.818075117370892,"Neuroimaging"
"ST113SD",0.818075117370892,"Neuroimaging"
"ST113CT",0.818075117370892,"Neuroimaging"
"ST114MIN",0.826291079812207,"Neuroimaging"
"ST114MAX",0.826291079812207,"Neuroimaging"
"ST114MD",0.826291079812207,"Neuroimaging"
"ST114AVG",0.826291079812207,"Neuroimaging"
"ST114SD",0.826291079812207,"Neuroimaging"
"ST114CT",0.826291079812207,"Neuroimaging"
"ST115MIN",0.826291079812207,"Neuroimaging"
"ST115MAX",0.826291079812207,"Neuroimaging"
"ST115MD",0.826291079812207,"Neuroimaging"
"ST115AVG",0.826291079812207,"Neuroimaging"
"ST115SD",0.826291079812207,"Neuroimaging"
"ST115CT",0.826291079812207,"Neuroimaging"
"ST116MIN",0.818075117370892,"Neuroimaging"
"ST116MAX",0.818075117370892,"Neuroimaging"
"ST116MD",0.818075117370892,"Neuroimaging"
"ST116AVG",0.818075117370892,"Neuroimaging"
"ST116SD",0.818075117370892,"Neuroimaging"
"ST116CT",0.818075117370892,"Neuroimaging"
"ST117MIN",0.830985915492958,"Neuroimaging"
"ST117MAX",0.830985915492958,"Neuroimaging"
"ST117MD",0.830985915492958,"Neuroimaging"
"ST117AVG",0.830985915492958,"Neuroimaging"
"ST117SD",0.830985915492958,"Neuroimaging"
"ST117CT",0.830985915492958,"Neuroimaging"
"ST118MIN",0.818075117370892,"Neuroimaging"
"ST118MAX",0.818075117370892,"Neuroimaging"
"ST118MD",0.818075117370892,"Neuroimaging"
"ST118AVG",0.818075117370892,"Neuroimaging"
"ST118SD",0.818075117370892,"Neuroimaging"
"ST118CT",0.818075117370892,"Neuroimaging"
"ST119MIN",0.830985915492958,"Neuroimaging"
"ST119MAX",0.830985915492958,"Neuroimaging"
"ST119MD",0.830985915492958,"Neuroimaging"
"ST119AVG",0.830985915492958,"Neuroimaging"
"ST119SD",0.830985915492958,"Neuroimaging"
"ST119CT",0.830985915492958,"Neuroimaging"
"ST120MIN",0.818075117370892,"Neuroimaging"
"ST120MAX",0.818075117370892,"Neuroimaging"
"ST120MD",0.818075117370892,"Neuroimaging"
"ST120AVG",0.818075117370892,"Neuroimaging"
"ST120SD",0.818075117370892,"Neuroimaging"
"ST120CT",0.818075117370892,"Neuroimaging"
"ST121MIN",0.818075117370892,"Neuroimaging"
"ST121MAX",0.818075117370892,"Neuroimaging"
"ST121MD",0.818075117370892,"Neuroimaging"
"ST121AVG",0.818075117370892,"Neuroimaging"
"ST121SD",0.818075117370892,"Neuroimaging"
"ST121CT",0.818075117370892,"Neuroimaging"
"ST123MIN",0.818075117370892,"Neuroimaging"
"ST123MAX",0.818075117370892,"Neuroimaging"
"ST123MD",0.818075117370892,"Neuroimaging"
"ST123AVG",0.818075117370892,"Neuroimaging"
"ST123SD",0.818075117370892,"Neuroimaging"
"ST123CT",0.818075117370892,"Neuroimaging"
"ST124MIN",0.818075117370892,"Neuroimaging"
"ST124MAX",0.818075117370892,"Neuroimaging"
"ST124MD",0.818075117370892,"Neuroimaging"
"ST124AVG",0.818075117370892,"Neuroimaging"
"ST124SD",0.818075117370892,"Neuroimaging"
"ST124CT",0.818075117370892,"Neuroimaging"
"ST125MIN",0.818075117370892,"Neuroimaging"
"ST125MAX",0.818075117370892,"Neuroimaging"
"ST125MD",0.818075117370892,"Neuroimaging"
"ST125AVG",0.818075117370892,"Neuroimaging"
"ST125SD",0.818075117370892,"Neuroimaging"
"ST125CT",0.818075117370892,"Neuroimaging"
"ST127MIN",0.826291079812207,"Neuroimaging"
"ST127MAX",0.826291079812207,"Neuroimaging"
"ST127MD",0.826291079812207,"Neuroimaging"
"ST127AVG",0.826291079812207,"Neuroimaging"
"ST127SD",0.826291079812207,"Neuroimaging"
"ST127CT",0.826291079812207,"Neuroimaging"
"ST128MIN",0.818075117370892,"Neuroimaging"
"ST128MAX",0.818075117370892,"Neuroimaging"
"ST128MD",0.818075117370892,"Neuroimaging"
"ST128AVG",0.818075117370892,"Neuroimaging"
"ST128SD",0.818075117370892,"Neuroimaging"
"ST128CT",0.818075117370892,"Neuroimaging"
"ST129MIN",0.822769953051643,"Neuroimaging"
"ST129MAX",0.822769953051643,"Neuroimaging"
"ST129MD",0.822769953051643,"Neuroimaging"
"ST129AVG",0.822769953051643,"Neuroimaging"
"ST129SD",0.822769953051643,"Neuroimaging"
"ST129CT",0.822769953051643,"Neuroimaging"
"ST130MIN",0.822769953051643,"Neuroimaging"
"ST130MAX",0.822769953051643,"Neuroimaging"
"ST130MD",0.822769953051643,"Neuroimaging"
"ST130AVG",0.822769953051643,"Neuroimaging"
"ST130SD",0.822769953051643,"Neuroimaging"
"ST130CT",0.822769953051643,"Neuroimaging"
"LONIUID.tau",0.773474178403756,"Other Metadata"
"SCANDATE.tau",0.773474178403756,"Other Metadata"
"SITEID.tau",0.773474178403756,"Other Metadata"
"PROCESSDATE.tau",0.773474178403756,"Other Metadata"
"IMAGE_RESOLUTION.tau",0.773474178403756,"Other Metadata"
"qc_flag.tau",0.773474178403756,"Other Metadata"
"TRACER.tau",0.773474178403756,"Other Metadata"
"TRACER_SUVR_WARNING.tau",0.773474178403756,"Other Metadata"
"META_TEMPORAL_SUVR",0.773474178403756,"Neuroimaging"
"META_TEMPORAL_VOLUME",0.805164319248826,"Neuroimaging"
"CTX_ENTORHINAL_SUVR.tau",0.773474178403756,"Other Metadata"
"CTX_ENTORHINAL_VOLUME.tau",0.805164319248826,"Other Metadata"
"INFERIORCEREBELLUM_SUVR",0.773474178403756,"Neuroimaging"
"INFERIORCEREBELLUM_VOLUME",0.805164319248826,"Neuroimaging"
"ERODED_SUBCORTICALWM_SUVR.tau",0.773474178403756,"Other Metadata"
"ERODED_SUBCORTICALWM_VOLUME.tau",0.805164319248826,"Other Metadata"
"BRAINSTEM_SUVR.tau",0.805164319248826,"Other Metadata"
"BRAINSTEM_VOLUME.tau",0.805164319248826,"Other Metadata"
"CC_ANTERIOR_SUVR.tau",0.805164319248826,"Other Metadata"
"CC_ANTERIOR_VOLUME.tau",0.805164319248826,"Other Metadata"
"CC_CENTRAL_SUVR.tau",0.805164319248826,"Other Metadata"
"CC_CENTRAL_VOLUME.tau",0.805164319248826,"Other Metadata"
"CC_MID_ANTERIOR_SUVR.tau",0.805164319248826,"Other Metadata"
"CC_MID_ANTERIOR_VOLUME.tau",0.805164319248826,"Other Metadata"
"CC_MID_POSTERIOR_SUVR.tau",0.805164319248826,"Other Metadata"
"CC_MID_POSTERIOR_VOLUME.tau",0.805164319248826,"Other Metadata"
"CC_POSTERIOR_SUVR.tau",0.805164319248826,"Other Metadata"
"CC_POSTERIOR_VOLUME.tau",0.805164319248826,"Other Metadata"
"CSF_SUVR.tau",0.805164319248826,"Other Metadata"
"CSF_VOLUME.tau",0.805164319248826,"Other Metadata"
"VENTRICLE_3RD_SUVR.tau",0.805164319248826,"Other Metadata"
"VENTRICLE_3RD_VOLUME.tau",0.805164319248826,"Other Metadata"
"VENTRICLE_4TH_SUVR.tau",0.805164319248826,"Other Metadata"
"VENTRICLE_4TH_VOLUME.tau",0.805164319248826,"Other Metadata"
"VENTRICLE_5TH_SUVR.tau",0.995305164319249,"Other Metadata"
"VENTRICLE_5TH_VOLUME.tau",0.995305164319249,"Other Metadata"
"WM_HYPOINTENSITIES_SUVR.tau",0.805164319248826,"Other Metadata"
"WM_HYPOINTENSITIES_VOLUME.tau",0.805164319248826,"Other Metadata"
"NON_WM_HYPOINTENSITIES_SUVR.tau",0.983568075117371,"Other Metadata"
"NON_WM_HYPOINTENSITIES_VOLUME.tau",0.983568075117371,"Other Metadata"
"CTX_BANKSSTS_SUVR.tau",0.805164319248826,"Other Metadata"
"CTX_BANKSSTS_VOLUME.tau",0.805164319248826,"Other Metadata"
"CTX_CAUDALANTERIORCINGULATE_SUVR.tau",0.805164319248826,"Other Metadata"
"CTX_CAUDALANTERIORCINGULATE_VOLUME.tau",0.805164319248826,"Other Metadata"
"CTX_CAUDALMIDDLEFRONTAL_SUVR.tau",0.805164319248826,"Other Metadata"
"CTX_CAUDALMIDDLEFRONTAL_VOLUME.tau",0.805164319248826,"Other Metadata"
"CTX_CUNEUS_SUVR.tau",0.805164319248826,"Other Metadata"
"CTX_CUNEUS_VOLUME.tau",0.805164319248826,"Other Metadata"
"CTX_FRONTALPOLE_SUVR.tau",0.805164319248826,"Other Metadata"
"CTX_FRONTALPOLE_VOLUME.tau",0.805164319248826,"Other Metadata"
"CTX_FUSIFORM_SUVR.tau",0.805164319248826,"Other Metadata"
"CTX_FUSIFORM_VOLUME.tau",0.805164319248826,"Other Metadata"
"CTX_INFERIORPARIETAL_SUVR.tau",0.805164319248826,"Other Metadata"
"CTX_INFERIORPARIETAL_VOLUME.tau",0.805164319248826,"Other Metadata"
"CTX_INFERIORTEMPORAL_SUVR.tau",0.805164319248826,"Other Metadata"
"CTX_INFERIORTEMPORAL_VOLUME.tau",0.805164319248826,"Other Metadata"
"CTX_INSULA_SUVR.tau",0.805164319248826,"Other Metadata"
"CTX_INSULA_VOLUME.tau",0.805164319248826,"Other Metadata"
"CTX_ISTHMUSCINGULATE_SUVR.tau",0.805164319248826,"Other Metadata"
"CTX_ISTHMUSCINGULATE_VOLUME.tau",0.805164319248826,"Other Metadata"
"CTX_LATERALOCCIPITAL_SUVR.tau",0.805164319248826,"Other Metadata"
"CTX_LATERALOCCIPITAL_VOLUME.tau",0.805164319248826,"Other Metadata"
"CTX_LATERALORBITOFRONTAL_SUVR.tau",0.805164319248826,"Other Metadata"
"CTX_LATERALORBITOFRONTAL_VOLUME.tau",0.805164319248826,"Other Metadata"
"CTX_LINGUAL_SUVR.tau",0.805164319248826,"Other Metadata"
"CTX_LINGUAL_VOLUME.tau",0.805164319248826,"Other Metadata"
"CTX_MEDIALORBITOFRONTAL_SUVR.tau",0.805164319248826,"Other Metadata"
"CTX_MEDIALORBITOFRONTAL_VOLUME.tau",0.805164319248826,"Other Metadata"
"CTX_MIDDLETEMPORAL_SUVR.tau",0.805164319248826,"Other Metadata"
"CTX_MIDDLETEMPORAL_VOLUME.tau",0.805164319248826,"Other Metadata"
"CTX_PARACENTRAL_SUVR.tau",0.805164319248826,"Other Metadata"
"CTX_PARACENTRAL_VOLUME.tau",0.805164319248826,"Other Metadata"
"CTX_PARAHIPPOCAMPAL_SUVR.tau",0.805164319248826,"Other Metadata"
"CTX_PARAHIPPOCAMPAL_VOLUME.tau",0.805164319248826,"Other Metadata"
"CTX_PARSOPERCULARIS_SUVR.tau",0.805164319248826,"Other Metadata"
"CTX_PARSOPERCULARIS_VOLUME.tau",0.805164319248826,"Other Metadata"
"CTX_PARSORBITALIS_SUVR.tau",0.805164319248826,"Other Metadata"
"CTX_PARSORBITALIS_VOLUME.tau",0.805164319248826,"Other Metadata"
"CTX_PARSTRIANGULARIS_SUVR.tau",0.805164319248826,"Other Metadata"
"CTX_PARSTRIANGULARIS_VOLUME.tau",0.805164319248826,"Other Metadata"
"CTX_PERICALCARINE_SUVR.tau",0.805164319248826,"Other Metadata"
"CTX_PERICALCARINE_VOLUME.tau",0.805164319248826,"Other Metadata"
"CTX_POSTCENTRAL_SUVR.tau",0.805164319248826,"Other Metadata"
"CTX_POSTCENTRAL_VOLUME.tau",0.805164319248826,"Other Metadata"
"CTX_POSTERIORCINGULATE_SUVR.tau",0.805164319248826,"Other Metadata"
"CTX_POSTERIORCINGULATE_VOLUME.tau",0.805164319248826,"Other Metadata"
"CTX_PRECENTRAL_SUVR.tau",0.805164319248826,"Other Metadata"
"CTX_PRECENTRAL_VOLUME.tau",0.805164319248826,"Other Metadata"
"CTX_PRECUNEUS_SUVR.tau",0.805164319248826,"Other Metadata"
"CTX_PRECUNEUS_VOLUME.tau",0.805164319248826,"Other Metadata"
"CTX_ROSTRALANTERIORCINGULATE_SUVR.tau",0.805164319248826,"Other Metadata"
"CTX_ROSTRALANTERIORCINGULATE_VOLUME.tau",0.805164319248826,"Other Metadata"
"CTX_ROSTRALMIDDLEFRONTAL_SUVR.tau",0.805164319248826,"Other Metadata"
"CTX_ROSTRALMIDDLEFRONTAL_VOLUME.tau",0.805164319248826,"Other Metadata"
"CTX_SUPERIORFRONTAL_SUVR.tau",0.805164319248826,"Other Metadata"
"CTX_SUPERIORFRONTAL_VOLUME.tau",0.805164319248826,"Other Metadata"
"CTX_SUPERIORPARIETAL_SUVR.tau",0.805164319248826,"Other Metadata"
"CTX_SUPERIORPARIETAL_VOLUME.tau",0.805164319248826,"Other Metadata"
"CTX_SUPERIORTEMPORAL_SUVR.tau",0.805164319248826,"Other Metadata"
"CTX_SUPERIORTEMPORAL_VOLUME.tau",0.805164319248826,"Other Metadata"
"CTX_SUPRAMARGINAL_SUVR.tau",0.805164319248826,"Other Metadata"
"CTX_SUPRAMARGINAL_VOLUME.tau",0.805164319248826,"Other Metadata"
"CTX_TEMPORALPOLE_SUVR.tau",0.805164319248826,"Other Metadata"
"CTX_TEMPORALPOLE_VOLUME.tau",0.805164319248826,"Other Metadata"
"CTX_TRANSVERSETEMPORAL_SUVR.tau",0.805164319248826,"Other Metadata"
"CTX_TRANSVERSETEMPORAL_VOLUME.tau",0.805164319248826,"Other Metadata"
"ACCUMBENS_AREA_SUVR.tau",0.805164319248826,"Other Metadata"
"ACCUMBENS_AREA_VOLUME.tau",0.805164319248826,"Other Metadata"
"AMYGDALA_SUVR.tau",0.805164319248826,"Other Metadata"
"AMYGDALA_VOLUME.tau",0.805164319248826,"Other Metadata"
"CAUDATE_SUVR.tau",0.805164319248826,"Other Metadata"
"CAUDATE_VOLUME.tau",0.805164319248826,"Other Metadata"
"CEREBELLUM_CORTEX_SUVR.tau",0.805164319248826,"Other Metadata"
"CEREBELLUM_CORTEX_VOLUME.tau",0.805164319248826,"Other Metadata"
"CEREBELLUM_WHITE_MATTER_SUVR.tau",0.805164319248826,"Other Metadata"
"CEREBELLUM_WHITE_MATTER_VOLUME.tau",0.805164319248826,"Other Metadata"
"CEREBRAL_WHITE_MATTER_SUVR.tau",0.805164319248826,"Other Metadata"
"CEREBRAL_WHITE_MATTER_VOLUME.tau",0.805164319248826,"Other Metadata"
"CHOROID_PLEXUS_SUVR.tau",0.805164319248826,"Other Metadata"
"CHOROID_PLEXUS_VOLUME.tau",0.805164319248826,"Other Metadata"
"HIPPOCAMPUS_SUVR.tau",0.805164319248826,"Other Metadata"
"HIPPOCAMPUS_VOLUME.tau",0.805164319248826,"Other Metadata"
"OPTIC_CHIASM_SUVR.tau",0.805164319248826,"Other Metadata"
"OPTIC_CHIASM_VOLUME.tau",0.805164319248826,"Other Metadata"
"INF_LAT_VENT_SUVR.tau",0.805164319248826,"Other Metadata"
"INF_LAT_VENT_VOLUME.tau",0.805164319248826,"Other Metadata"
"LATERAL_VENTRICLE_SUVR.tau",0.805164319248826,"Other Metadata"
"LATERAL_VENTRICLE_VOLUME.tau",0.805164319248826,"Other Metadata"
"PALLIDUM_SUVR.tau",0.805164319248826,"Other Metadata"
"PALLIDUM_VOLUME.tau",0.805164319248826,"Other Metadata"
"PUTAMEN_SUVR.tau",0.805164319248826,"Other Metadata"
"PUTAMEN_VOLUME.tau",0.805164319248826,"Other Metadata"
"THALAMUS_PROPER_SUVR.tau",0.805164319248826,"Other Metadata"
"THALAMUS_PROPER_VOLUME.tau",0.805164319248826,"Other Metadata"
"VENTRALDC_SUVR.tau",0.805164319248826,"Other Metadata"
"VENTRALDC_VOLUME.tau",0.805164319248826,"Other Metadata"
"VESSEL_SUVR.tau",0.80868544600939,"Other Metadata"
"VESSEL_VOLUME.tau",0.80868544600939,"Other Metadata"
"CTX_LH_BANKSSTS_SUVR.tau",0.805164319248826,"Other Metadata"
"CTX_LH_BANKSSTS_VOLUME.tau",0.805164319248826,"Other Metadata"
"CTX_LH_CAUDALANTERIORCINGULATE_SUVR.tau",0.805164319248826,"Other Metadata"
"CTX_LH_CAUDALANTERIORCINGULATE_VOLUME.tau",0.805164319248826,"Other Metadata"
"CTX_LH_CAUDALMIDDLEFRONTAL_SUVR.tau",0.805164319248826,"Other Metadata"
"CTX_LH_CAUDALMIDDLEFRONTAL_VOLUME.tau",0.805164319248826,"Other Metadata"
"CTX_LH_CUNEUS_SUVR.tau",0.805164319248826,"Other Metadata"
"CTX_LH_CUNEUS_VOLUME.tau",0.805164319248826,"Other Metadata"
"CTX_LH_ENTORHINAL_SUVR.tau",0.806338028169014,"Other Metadata"
"CTX_LH_ENTORHINAL_VOLUME.tau",0.806338028169014,"Other Metadata"
"CTX_LH_FRONTALPOLE_SUVR.tau",0.805164319248826,"Other Metadata"
"CTX_LH_FRONTALPOLE_VOLUME.tau",0.805164319248826,"Other Metadata"
"CTX_LH_FUSIFORM_SUVR.tau",0.805164319248826,"Other Metadata"
"CTX_LH_FUSIFORM_VOLUME.tau",0.805164319248826,"Other Metadata"
"CTX_LH_INFERIORPARIETAL_SUVR.tau",0.805164319248826,"Other Metadata"
"CTX_LH_INFERIORPARIETAL_VOLUME.tau",0.805164319248826,"Other Metadata"
"CTX_LH_INFERIORTEMPORAL_SUVR.tau",0.805164319248826,"Other Metadata"
"CTX_LH_INFERIORTEMPORAL_VOLUME.tau",0.805164319248826,"Other Metadata"
"CTX_LH_INSULA_SUVR.tau",0.805164319248826,"Other Metadata"
"CTX_LH_INSULA_VOLUME.tau",0.805164319248826,"Other Metadata"
"CTX_LH_ISTHMUSCINGULATE_SUVR.tau",0.805164319248826,"Other Metadata"
"CTX_LH_ISTHMUSCINGULATE_VOLUME.tau",0.805164319248826,"Other Metadata"
"CTX_LH_LATERALOCCIPITAL_SUVR.tau",0.805164319248826,"Other Metadata"
"CTX_LH_LATERALOCCIPITAL_VOLUME.tau",0.805164319248826,"Other Metadata"
"CTX_LH_LATERALORBITOFRONTAL_SUVR.tau",0.805164319248826,"Other Metadata"
"CTX_LH_LATERALORBITOFRONTAL_VOLUME.tau",0.805164319248826,"Other Metadata"
"CTX_LH_LINGUAL_SUVR.tau",0.805164319248826,"Other Metadata"
"CTX_LH_LINGUAL_VOLUME.tau",0.805164319248826,"Other Metadata"
"CTX_LH_MEDIALORBITOFRONTAL_SUVR.tau",0.805164319248826,"Other Metadata"
"CTX_LH_MEDIALORBITOFRONTAL_VOLUME.tau",0.805164319248826,"Other Metadata"
"CTX_LH_MIDDLETEMPORAL_SUVR.tau",0.805164319248826,"Other Metadata"
"CTX_LH_MIDDLETEMPORAL_VOLUME.tau",0.805164319248826,"Other Metadata"
"CTX_LH_PARACENTRAL_SUVR.tau",0.805164319248826,"Other Metadata"
"CTX_LH_PARACENTRAL_VOLUME.tau",0.805164319248826,"Other Metadata"
"CTX_LH_PARAHIPPOCAMPAL_SUVR.tau",0.806338028169014,"Other Metadata"
"CTX_LH_PARAHIPPOCAMPAL_VOLUME.tau",0.806338028169014,"Other Metadata"
"CTX_LH_PARSOPERCULARIS_SUVR.tau",0.805164319248826,"Other Metadata"
"CTX_LH_PARSOPERCULARIS_VOLUME.tau",0.805164319248826,"Other Metadata"
"CTX_LH_PARSORBITALIS_SUVR.tau",0.805164319248826,"Other Metadata"
"CTX_LH_PARSORBITALIS_VOLUME.tau",0.805164319248826,"Other Metadata"
"CTX_LH_PARSTRIANGULARIS_SUVR.tau",0.805164319248826,"Other Metadata"
"CTX_LH_PARSTRIANGULARIS_VOLUME.tau",0.805164319248826,"Other Metadata"
"CTX_LH_PERICALCARINE_SUVR.tau",0.805164319248826,"Other Metadata"
"CTX_LH_PERICALCARINE_VOLUME.tau",0.805164319248826,"Other Metadata"
"CTX_LH_POSTCENTRAL_SUVR.tau",0.805164319248826,"Other Metadata"
"CTX_LH_POSTCENTRAL_VOLUME.tau",0.805164319248826,"Other Metadata"
"CTX_LH_POSTERIORCINGULATE_SUVR.tau",0.805164319248826,"Other Metadata"
"CTX_LH_POSTERIORCINGULATE_VOLUME.tau",0.805164319248826,"Other Metadata"
"CTX_LH_PRECENTRAL_SUVR.tau",0.805164319248826,"Other Metadata"
"CTX_LH_PRECENTRAL_VOLUME.tau",0.805164319248826,"Other Metadata"
"CTX_LH_PRECUNEUS_SUVR.tau",0.805164319248826,"Other Metadata"
"CTX_LH_PRECUNEUS_VOLUME.tau",0.805164319248826,"Other Metadata"
"CTX_LH_ROSTRALANTERIORCINGULATE_SUVR.tau",0.805164319248826,"Other Metadata"
"CTX_LH_ROSTRALANTERIORCINGULATE_VOLUME.tau",0.805164319248826,"Other Metadata"
"CTX_LH_ROSTRALMIDDLEFRONTAL_SUVR.tau",0.805164319248826,"Other Metadata"
"CTX_LH_ROSTRALMIDDLEFRONTAL_VOLUME.tau",0.805164319248826,"Other Metadata"
"CTX_LH_SUPERIORFRONTAL_SUVR.tau",0.805164319248826,"Other Metadata"
"CTX_LH_SUPERIORFRONTAL_VOLUME.tau",0.805164319248826,"Other Metadata"
"CTX_LH_SUPERIORPARIETAL_SUVR.tau",0.805164319248826,"Other Metadata"
"CTX_LH_SUPERIORPARIETAL_VOLUME.tau",0.805164319248826,"Other Metadata"
"CTX_LH_SUPERIORTEMPORAL_SUVR.tau",0.805164319248826,"Other Metadata"
"CTX_LH_SUPERIORTEMPORAL_VOLUME.tau",0.805164319248826,"Other Metadata"
"CTX_LH_SUPRAMARGINAL_SUVR.tau",0.805164319248826,"Other Metadata"
"CTX_LH_SUPRAMARGINAL_VOLUME.tau",0.805164319248826,"Other Metadata"
"CTX_LH_TEMPORALPOLE_SUVR.tau",0.805164319248826,"Other Metadata"
"CTX_LH_TEMPORALPOLE_VOLUME.tau",0.805164319248826,"Other Metadata"
"CTX_LH_TRANSVERSETEMPORAL_SUVR.tau",0.805164319248826,"Other Metadata"
"CTX_LH_TRANSVERSETEMPORAL_VOLUME.tau",0.805164319248826,"Other Metadata"
"CTX_RH_BANKSSTS_SUVR.tau",0.805164319248826,"Other Metadata"
"CTX_RH_BANKSSTS_VOLUME.tau",0.805164319248826,"Other Metadata"
"CTX_RH_CAUDALANTERIORCINGULATE_SUVR.tau",0.805164319248826,"Other Metadata"
"CTX_RH_CAUDALANTERIORCINGULATE_VOLUME.tau",0.805164319248826,"Other Metadata"
"CTX_RH_CAUDALMIDDLEFRONTAL_SUVR.tau",0.805164319248826,"Other Metadata"
"CTX_RH_CAUDALMIDDLEFRONTAL_VOLUME.tau",0.805164319248826,"Other Metadata"
"CTX_RH_CUNEUS_SUVR.tau",0.805164319248826,"Other Metadata"
"CTX_RH_CUNEUS_VOLUME.tau",0.805164319248826,"Other Metadata"
"CTX_RH_ENTORHINAL_SUVR.tau",0.805164319248826,"Other Metadata"
"CTX_RH_ENTORHINAL_VOLUME.tau",0.805164319248826,"Other Metadata"
"CTX_RH_FRONTALPOLE_SUVR.tau",0.805164319248826,"Other Metadata"
"CTX_RH_FRONTALPOLE_VOLUME.tau",0.805164319248826,"Other Metadata"
"CTX_RH_FUSIFORM_SUVR.tau",0.805164319248826,"Other Metadata"
"CTX_RH_FUSIFORM_VOLUME.tau",0.805164319248826,"Other Metadata"
"CTX_RH_INFERIORPARIETAL_SUVR.tau",0.805164319248826,"Other Metadata"
"CTX_RH_INFERIORPARIETAL_VOLUME.tau",0.805164319248826,"Other Metadata"
"CTX_RH_INFERIORTEMPORAL_SUVR.tau",0.805164319248826,"Other Metadata"
"CTX_RH_INFERIORTEMPORAL_VOLUME.tau",0.805164319248826,"Other Metadata"
"CTX_RH_INSULA_SUVR.tau",0.805164319248826,"Other Metadata"
"CTX_RH_INSULA_VOLUME.tau",0.805164319248826,"Other Metadata"
"CTX_RH_ISTHMUSCINGULATE_SUVR.tau",0.805164319248826,"Other Metadata"
"CTX_RH_ISTHMUSCINGULATE_VOLUME.tau",0.805164319248826,"Other Metadata"
"CTX_RH_LATERALOCCIPITAL_SUVR.tau",0.805164319248826,"Other Metadata"
"CTX_RH_LATERALOCCIPITAL_VOLUME.tau",0.805164319248826,"Other Metadata"
"CTX_RH_LATERALORBITOFRONTAL_SUVR.tau",0.805164319248826,"Other Metadata"
"CTX_RH_LATERALORBITOFRONTAL_VOLUME.tau",0.805164319248826,"Other Metadata"
"CTX_RH_LINGUAL_SUVR.tau",0.805164319248826,"Other Metadata"
"CTX_RH_LINGUAL_VOLUME.tau",0.805164319248826,"Other Metadata"
"CTX_RH_MEDIALORBITOFRONTAL_SUVR.tau",0.805164319248826,"Other Metadata"
"CTX_RH_MEDIALORBITOFRONTAL_VOLUME.tau",0.805164319248826,"Other Metadata"
"CTX_RH_MIDDLETEMPORAL_SUVR.tau",0.805164319248826,"Other Metadata"
"CTX_RH_MIDDLETEMPORAL_VOLUME.tau",0.805164319248826,"Other Metadata"
"CTX_RH_PARACENTRAL_SUVR.tau",0.805164319248826,"Other Metadata"
"CTX_RH_PARACENTRAL_VOLUME.tau",0.805164319248826,"Other Metadata"
"CTX_RH_PARAHIPPOCAMPAL_SUVR.tau",0.805164319248826,"Other Metadata"
"CTX_RH_PARAHIPPOCAMPAL_VOLUME.tau",0.805164319248826,"Other Metadata"
"CTX_RH_PARSOPERCULARIS_SUVR.tau",0.805164319248826,"Other Metadata"
"CTX_RH_PARSOPERCULARIS_VOLUME.tau",0.805164319248826,"Other Metadata"
"CTX_RH_PARSORBITALIS_SUVR.tau",0.805164319248826,"Other Metadata"
"CTX_RH_PARSORBITALIS_VOLUME.tau",0.805164319248826,"Other Metadata"
"CTX_RH_PARSTRIANGULARIS_SUVR.tau",0.805164319248826,"Other Metadata"
"CTX_RH_PARSTRIANGULARIS_VOLUME.tau",0.805164319248826,"Other Metadata"
"CTX_RH_PERICALCARINE_SUVR.tau",0.805164319248826,"Other Metadata"
"CTX_RH_PERICALCARINE_VOLUME.tau",0.805164319248826,"Other Metadata"
"CTX_RH_POSTCENTRAL_SUVR.tau",0.805164319248826,"Other Metadata"
"CTX_RH_POSTCENTRAL_VOLUME.tau",0.805164319248826,"Other Metadata"
"CTX_RH_POSTERIORCINGULATE_SUVR.tau",0.805164319248826,"Other Metadata"
"CTX_RH_POSTERIORCINGULATE_VOLUME.tau",0.805164319248826,"Other Metadata"
"CTX_RH_PRECENTRAL_SUVR.tau",0.805164319248826,"Other Metadata"
"CTX_RH_PRECENTRAL_VOLUME.tau",0.805164319248826,"Other Metadata"
"CTX_RH_PRECUNEUS_SUVR.tau",0.805164319248826,"Other Metadata"
"CTX_RH_PRECUNEUS_VOLUME.tau",0.805164319248826,"Other Metadata"
"CTX_RH_ROSTRALANTERIORCINGULATE_SUVR.tau",0.805164319248826,"Other Metadata"
"CTX_RH_ROSTRALANTERIORCINGULATE_VOLUME.tau",0.805164319248826,"Other Metadata"
"CTX_RH_ROSTRALMIDDLEFRONTAL_SUVR.tau",0.805164319248826,"Other Metadata"
"CTX_RH_ROSTRALMIDDLEFRONTAL_VOLUME.tau",0.805164319248826,"Other Metadata"
"CTX_RH_SUPERIORFRONTAL_SUVR.tau",0.805164319248826,"Other Metadata"
"CTX_RH_SUPERIORFRONTAL_VOLUME.tau",0.805164319248826,"Other Metadata"
"CTX_RH_SUPERIORPARIETAL_SUVR.tau",0.805164319248826,"Other Metadata"
"CTX_RH_SUPERIORPARIETAL_VOLUME.tau",0.805164319248826,"Other Metadata"
"CTX_RH_SUPERIORTEMPORAL_SUVR.tau",0.805164319248826,"Other Metadata"
"CTX_RH_SUPERIORTEMPORAL_VOLUME.tau",0.805164319248826,"Other Metadata"
"CTX_RH_SUPRAMARGINAL_SUVR.tau",0.805164319248826,"Other Metadata"
"CTX_RH_SUPRAMARGINAL_VOLUME.tau",0.805164319248826,"Other Metadata"
"CTX_RH_TEMPORALPOLE_SUVR.tau",0.805164319248826,"Other Metadata"
"CTX_RH_TEMPORALPOLE_VOLUME.tau",0.805164319248826,"Other Metadata"
"CTX_RH_TRANSVERSETEMPORAL_SUVR.tau",0.805164319248826,"Other Metadata"
"CTX_RH_TRANSVERSETEMPORAL_VOLUME.tau",0.805164319248826,"Other Metadata"
"LEFT_ACCUMBENS_AREA_SUVR.tau",0.805164319248826,"Other Metadata"
"LEFT_ACCUMBENS_AREA_VOLUME.tau",0.805164319248826,"Other Metadata"
"LEFT_AMYGDALA_SUVR.tau",0.805164319248826,"Other Metadata"
"LEFT_AMYGDALA_VOLUME.tau",0.805164319248826,"Other Metadata"
"LEFT_CAUDATE_SUVR.tau",0.805164319248826,"Other Metadata"
"LEFT_CAUDATE_VOLUME.tau",0.805164319248826,"Other Metadata"
"LEFT_CEREBELLUM_CORTEX_SUVR.tau",0.805164319248826,"Other Metadata"
"LEFT_CEREBELLUM_CORTEX_VOLUME.tau",0.805164319248826,"Other Metadata"
"LEFT_CEREBELLUM_WHITE_MATTER_SUVR.tau",0.805164319248826,"Other Metadata"
"LEFT_CEREBELLUM_WHITE_MATTER_VOLUME.tau",0.805164319248826,"Other Metadata"
"LEFT_CEREBRAL_WHITE_MATTER_SUVR.tau",0.805164319248826,"Other Metadata"
"LEFT_CEREBRAL_WHITE_MATTER_VOLUME.tau",0.805164319248826,"Other Metadata"
"LEFT_CHOROID_PLEXUS_SUVR.tau",0.805164319248826,"Other Metadata"
"LEFT_CHOROID_PLEXUS_VOLUME.tau",0.805164319248826,"Other Metadata"
"LEFT_HIPPOCAMPUS_SUVR.tau",0.805164319248826,"Other Metadata"
"LEFT_HIPPOCAMPUS_VOLUME.tau",0.805164319248826,"Other Metadata"
"LEFT_INF_LAT_VENT_SUVR.tau",0.805164319248826,"Other Metadata"
"LEFT_INF_LAT_VENT_VOLUME.tau",0.805164319248826,"Other Metadata"
"LEFT_LATERAL_VENTRICLE_SUVR.tau",0.805164319248826,"Other Metadata"
"LEFT_LATERAL_VENTRICLE_VOLUME.tau",0.805164319248826,"Other Metadata"
"LEFT_PALLIDUM_SUVR.tau",0.805164319248826,"Other Metadata"
"LEFT_PALLIDUM_VOLUME.tau",0.805164319248826,"Other Metadata"
"LEFT_PUTAMEN_SUVR.tau",0.805164319248826,"Other Metadata"
"LEFT_PUTAMEN_VOLUME.tau",0.805164319248826,"Other Metadata"
"LEFT_THALAMUS_PROPER_SUVR.tau",0.805164319248826,"Other Metadata"
"LEFT_THALAMUS_PROPER_VOLUME.tau",0.805164319248826,"Other Metadata"
"LEFT_VENTRALDC_SUVR.tau",0.805164319248826,"Other Metadata"
"LEFT_VENTRALDC_VOLUME.tau",0.805164319248826,"Other Metadata"
"LEFT_VESSEL_SUVR.tau",0.814553990610329,"Other Metadata"
"LEFT_VESSEL_VOLUME.tau",0.814553990610329,"Other Metadata"
"RIGHT_ACCUMBENS_AREA_SUVR.tau",0.805164319248826,"Other Metadata"
"RIGHT_ACCUMBENS_AREA_VOLUME.tau",0.805164319248826,"Other Metadata"
"RIGHT_AMYGDALA_SUVR.tau",0.805164319248826,"Other Metadata"
"RIGHT_AMYGDALA_VOLUME.tau",0.805164319248826,"Other Metadata"
"RIGHT_CAUDATE_SUVR.tau",0.805164319248826,"Other Metadata"
"RIGHT_CAUDATE_VOLUME.tau",0.805164319248826,"Other Metadata"
"RIGHT_CEREBELLUM_CORTEX_SUVR.tau",0.805164319248826,"Other Metadata"
"RIGHT_CEREBELLUM_CORTEX_VOLUME.tau",0.805164319248826,"Other Metadata"
"RIGHT_CEREBELLUM_WHITE_MATTER_SUVR.tau",0.805164319248826,"Other Metadata"
"RIGHT_CEREBELLUM_WHITE_MATTER_VOLUME.tau",0.805164319248826,"Other Metadata"
"RIGHT_CEREBRAL_WHITE_MATTER_SUVR.tau",0.805164319248826,"Other Metadata"
"RIGHT_CEREBRAL_WHITE_MATTER_VOLUME.tau",0.805164319248826,"Other Metadata"
"RIGHT_CHOROID_PLEXUS_SUVR.tau",0.805164319248826,"Other Metadata"
"RIGHT_CHOROID_PLEXUS_VOLUME.tau",0.805164319248826,"Other Metadata"
"RIGHT_HIPPOCAMPUS_SUVR.tau",0.805164319248826,"Other Metadata"
"RIGHT_HIPPOCAMPUS_VOLUME.tau",0.805164319248826,"Other Metadata"
"RIGHT_INF_LAT_VENT_SUVR.tau",0.805164319248826,"Other Metadata"
"RIGHT_INF_LAT_VENT_VOLUME.tau",0.805164319248826,"Other Metadata"
"RIGHT_LATERAL_VENTRICLE_SUVR.tau",0.805164319248826,"Other Metadata"
"RIGHT_LATERAL_VENTRICLE_VOLUME.tau",0.805164319248826,"Other Metadata"
"RIGHT_PALLIDUM_SUVR.tau",0.805164319248826,"Other Metadata"
"RIGHT_PALLIDUM_VOLUME.tau",0.805164319248826,"Other Metadata"
"RIGHT_PUTAMEN_SUVR.tau",0.805164319248826,"Other Metadata"
"RIGHT_PUTAMEN_VOLUME.tau",0.805164319248826,"Other Metadata"
"RIGHT_THALAMUS_PROPER_SUVR.tau",0.805164319248826,"Other Metadata"
"RIGHT_THALAMUS_PROPER_VOLUME.tau",0.805164319248826,"Other Metadata"
"RIGHT_VENTRALDC_SUVR.tau",0.805164319248826,"Other Metadata"
"RIGHT_VENTRALDC_VOLUME.tau",0.805164319248826,"Other Metadata"
"RIGHT_VESSEL_SUVR.tau",0.820422535211268,"Other Metadata"
"RIGHT_VESSEL_VOLUME.tau",0.820422535211268,"Other Metadata"
